run_id,tick,y,score,judgeable,alarm_q01
C-load2M-s2001-r1,1,0,,False,False
C-load2M-s2001-r1,2,0,-0.37494242598414446,True,False
C-load2M-s2001-r1,3,0,-0.36437572205321656,True,False
C-load2M-s2001-r1,4,0,-0.3646963263638193,True,False
C-load2M-s2001-r1,5,0,-0.38089400923696054,True,False
C-load2M-s2001-r1,6,0,-0.37956364415875604,True,False
C-load2M-s2001-r1,7,0,-0.37345689343965904,True,False
C-load2M-s2001-r1,8,0,-0.37591066776630666,True,False
C-load2M-s2001-r1,9,0,-0.36773143400767816,True,False
C-load2M-s2001-r1,10,0,-0.46929112190555433,True,False
C-load2M-s2001-r1,11,0,-0.4029260740282473,True,False
C-load2M-s2001-r1,12,0,-0.3630759367203054,True,False
C-load2M-s2001-r1,13,0,-0.364049511215689,True,False
C-load2M-s2001-r1,14,0,-0.40353121472727405,True,False
C-load2M-s2001-r1,15,0,-0.36923744382042734,True,False
C-load2M-s2001-r1,16,0,-0.3582907695515346,True,False
C-load2M-s2001-r1,17,0,-0.36328505667968786,True,False
C-load2M-s2001-r1,18,0,-0.35777592178682655,True,False
C-load2M-s2001-r1,19,0,-0.37066476071576443,True,False
C-load2M-s2001-r1,20,0,-0.3805465718161234,True,False
C-load2M-s2001-r1,21,0,-0.3657320931855402,True,False
C-load2M-s2001-r1,22,0,-0.3661844284952709,True,False
C-load2M-s2001-r1,23,0,-0.37375235697505893,True,False
C-load2M-s2001-r1,24,0,-0.3920875599783194,True,False
C-load2M-s2001-r1,25,0,-0.38482694141795365,True,False
C-load2M-s2001-r1,26,0,-0.38185721027194175,True,False
C-load2M-s2001-r1,27,0,-0.39741160082538096,True,False
C-load2M-s2001-r1,28,0,-0.3658740765677851,True,False
C-load2M-s2001-r1,29,0,-0.3641038059107242,True,False
C-load2M-s2001-r1,30,0,-0.3638340525812375,True,False
C-load2M-s2001-r1,31,0,-0.37011457635539124,True,False
C-load2M-s2001-r1,32,0,-0.3824269702191019,True,False
C-load2M-s2001-r1,33,0,-0.3626657595588666,True,False
C-load2M-s2001-r1,34,0,-0.3627299984071251,True,False
C-load2M-s2001-r1,35,0,-0.3577311524842988,True,False
C-load2M-s2001-r1,36,0,-0.3524255903959852,True,False
C-load2M-s2001-r1,37,0,-0.3582520865838041,True,False
C-load2M-s2001-r1,38,0,-0.36197119502572245,True,False
C-load2M-s2001-r1,39,0,-0.36561619785227123,True,False
C-load2M-s2001-r1,40,0,-0.3598239307731434,True,False
C-load2M-s2001-r1,41,0,-0.35886211231563675,True,False
C-load2M-s2001-r1,42,0,-0.35829503148655634,True,False
C-load2M-s2001-r1,43,0,-0.3723928532289799,True,False
C-load2M-s2001-r1,44,0,-0.3819379411828918,True,False
C-load2M-s2001-r1,45,0,-0.35587591076619873,True,False
C-load2M-s2001-r1,46,0,-0.362460847529212,True,False
C-load2M-s2001-r1,47,0,-0.48404671586670345,True,False
C-load2M-s2001-r1,48,0,-0.4136105578860715,True,False
C-load2M-s2001-r1,49,0,-0.3641949638501397,True,False
C-load2M-s2001-r1,50,0,-0.37875330151821796,True,False
C-load2M-s2001-r1,51,0,-0.37773079580523666,True,False
C-load2M-s2001-r1,52,0,-0.3713762521314631,True,False
C-load2M-s2001-r1,53,0,-0.35905763725737533,True,False
C-load2M-s2001-r1,54,0,-0.3627816682497309,True,False
C-load2M-s2001-r1,55,0,-0.3539681308327781,True,False
C-load2M-s2001-r1,56,0,-0.3568902935729484,True,False
C-load2M-s2001-r1,57,0,-0.3678472649473568,True,False
C-load2M-s2001-r1,58,0,-0.3658777091764282,True,False
C-load2M-s2001-r1,59,0,-0.3660279084199109,True,False
C-vary-s2002-r1,1,0,,False,False
C-vary-s2002-r1,2,0,-0.45523833007988845,True,False
C-vary-s2002-r1,3,0,-0.4362631459993482,True,False
C-vary-s2002-r1,4,0,-0.43363767763912553,True,False
C-vary-s2002-r1,5,0,-0.4839577991247198,True,False
C-vary-s2002-r1,6,0,-0.7592315907141041,True,True
C-vary-s2002-r1,7,0,-0.5695983626476726,True,False
C-vary-s2002-r1,8,0,-0.5183429573275863,True,False
C-vary-s2002-r1,9,0,-0.5402601407565062,True,False
C-vary-s2002-r1,10,0,-0.5489608095562761,True,False
C-vary-s2002-r1,11,0,-0.6138997559392416,True,False
C-vary-s2002-r1,12,0,-0.5952782464002538,True,False
C-vary-s2002-r1,13,0,-0.49749703578215043,True,False
C-vary-s2002-r1,14,0,-0.4602661692942061,True,False
C-vary-s2002-r1,15,0,-0.45914945734491525,True,False
C-vary-s2002-r1,16,0,-0.7203406300860407,True,True
C-vary-s2002-r1,17,0,-0.6193211157789185,True,False
C-vary-s2002-r1,18,0,-0.48239738856021724,True,False
C-vary-s2002-r1,19,0,-0.47989969409001376,True,False
C-vary-s2002-r1,20,0,-0.48390876505063607,True,False
C-vary-s2002-r1,21,0,-0.647304636117816,True,True
C-vary-s2002-r1,22,0,-0.504731998880717,True,False
C-vary-s2002-r1,23,0,-0.5044406351518952,True,False
C-vary-s2002-r1,24,0,-0.5054909431229141,True,False
C-vary-s2002-r1,25,0,-0.5250646019412618,True,False
C-vary-s2002-r1,26,0,-0.6799176653640816,True,True
C-vary-s2002-r1,27,0,-0.617521419818978,True,False
C-vary-s2002-r1,28,0,-0.44989164784860225,True,False
C-vary-s2002-r1,29,0,-0.45695355162841356,True,False
C-vary-s2002-r1,30,0,-0.44843492559944303,True,False
C-vary-s2002-r1,31,0,-0.5205296588102813,True,False
C-vary-s2002-r1,32,0,-0.5116376683077366,True,False
C-vary-s2002-r1,33,0,-0.3842433496807077,True,False
C-vary-s2002-r1,34,0,-0.38700086147948864,True,False
C-vary-s2002-r1,35,0,-0.3856011945710474,True,False
C-vary-s2002-r1,36,0,-0.5918726955885807,True,False
C-vary-s2002-r1,37,0,-0.6415505899810193,True,True
C-vary-s2002-r1,38,0,-0.4646084574584649,True,False
C-vary-s2002-r1,39,0,-0.4201174208128161,True,False
C-vary-s2002-r1,40,0,-0.4317191510646458,True,False
C-vary-s2002-r1,41,0,-0.503186627734852,True,False
C-vary-s2002-r1,42,0,-0.4380371618850268,True,False
C-vary-s2002-r1,43,0,-0.4324615940619701,True,False
C-vary-s2002-r1,44,0,-0.4318786636656327,True,False
C-vary-s2002-r1,45,0,-0.43112973239015673,True,False
C-vary-s2002-r1,46,0,-0.46874600306472025,True,False
C-vary-s2002-r1,47,0,-0.5584289041543086,True,False
C-vary-s2002-r1,48,0,-0.4100306651153347,True,False
C-vary-s2002-r1,49,0,-0.4178073168557256,True,False
C-vary-s2002-r1,50,0,-0.4196226876096523,True,False
C-vary-s2002-r1,51,0,-0.41687806185472015,True,False
C-vary-s2002-r1,52,0,-0.5127481548354601,True,False
C-vary-s2002-r1,53,0,-0.370741441985728,True,False
C-vary-s2002-r1,54,0,-0.3629828556964186,True,False
C-vary-s2002-r1,55,0,-0.36524637346430294,True,False
C-vary-s2002-r1,56,0,-0.5338269943756562,True,False
C-vary-s2002-r1,57,0,-0.4551996554266344,True,False
C-vary-s2002-r1,58,0,-0.4267543709744382,True,False
C-vary-s2002-r1,59,0,-0.4298626145727494,True,False
F-admin_down-s1-s2-s3001-r1,1,0,,False,False
F-admin_down-s1-s2-s3001-r1,2,0,-0.36115453525099844,True,False
F-admin_down-s1-s2-s3001-r1,3,0,-0.4859600370996198,True,False
F-admin_down-s1-s2-s3001-r1,4,0,-0.41017408822566664,True,False
F-admin_down-s1-s2-s3001-r1,5,0,-0.3589893250710067,True,False
F-admin_down-s1-s2-s3001-r1,6,0,-0.3650260478689461,True,False
F-admin_down-s1-s2-s3001-r1,7,0,-0.36349297061504604,True,False
F-admin_down-s1-s2-s3001-r1,8,0,-0.36605833205550875,True,False
F-admin_down-s1-s2-s3001-r1,9,0,-0.3770704486809593,True,False
F-admin_down-s1-s2-s3001-r1,10,0,-0.3720041048641376,True,False
F-admin_down-s1-s2-s3001-r1,11,0,-0.3678422572622373,True,False
F-admin_down-s1-s2-s3001-r1,12,0,-0.3596154467116339,True,False
F-admin_down-s1-s2-s3001-r1,13,0,-0.36029589325383776,True,False
F-admin_down-s1-s2-s3001-r1,14,0,-0.3640294142943474,True,False
F-admin_down-s1-s2-s3001-r1,15,0,-0.3622211121187263,True,False
F-admin_down-s1-s2-s3001-r1,16,0,-0.36814134627026707,True,False
F-admin_down-s1-s2-s3001-r1,17,0,-0.3616129380486063,True,False
F-admin_down-s1-s2-s3001-r1,18,0,-0.3710998538584463,True,False
F-admin_down-s1-s2-s3001-r1,19,0,-0.3714474660358966,True,False
F-admin_down-s1-s2-s3001-r1,20,0,-0.35914689735168276,True,False
F-admin_down-s1-s2-s3001-r1,21,1,-0.6318721473232587,True,False
F-admin_down-s1-s2-s3001-r1,22,1,-0.5979574684808154,True,False
F-admin_down-s1-s2-s3001-r1,23,1,-0.5145124526016212,True,False
F-admin_down-s1-s2-s3001-r1,24,1,-0.5122495837437493,True,False
F-admin_down-s1-s2-s3001-r1,25,1,-0.5162845389526785,True,False
F-admin_down-s1-s2-s3001-r1,26,1,-0.5094962865560985,True,False
F-admin_down-s1-s2-s3001-r1,27,1,-0.5149548083580068,True,False
F-admin_down-s1-s2-s3001-r1,28,1,-0.5098467558377424,True,False
F-admin_down-s1-s2-s3001-r1,29,1,-0.508939593850131,True,False
F-admin_down-s1-s2-s3001-r1,30,1,-0.5151538548947545,True,False
F-admin_down-s1-s2-s3001-r1,31,1,-0.5073838452180052,True,False
F-admin_down-s1-s2-s3001-r1,32,1,-0.510190036780729,True,False
F-admin_down-s1-s2-s3001-r1,33,1,-0.5103883283433172,True,False
F-admin_down-s1-s2-s3001-r1,34,1,-0.5038708434994386,True,False
F-admin_down-s1-s2-s3001-r1,35,1,-0.5159413516159458,True,False
F-admin_down-s1-s2-s3001-r1,36,1,-0.5115065654603351,True,False
F-admin_down-s1-s2-s3001-r1,37,1,-0.5088390014948498,True,False
F-admin_down-s1-s2-s3001-r1,38,1,-0.5070181806185801,True,False
F-admin_down-s1-s2-s3001-r1,39,1,-0.5126889234078847,True,False
F-admin_down-s1-s2-s3001-r1,40,1,-0.5145225608819708,True,False
F-admin_down-s1-s2-s3001-r1,41,0,-0.6536591697418501,True,True
F-admin_down-s1-s2-s3001-r1,42,0,-0.59030020186191,True,False
F-admin_down-s1-s2-s3001-r1,43,0,-0.36516082332844074,True,False
F-admin_down-s1-s2-s3001-r1,44,0,-0.3607061065738759,True,False
F-admin_down-s1-s2-s3001-r1,45,0,-0.35776943328061406,True,False
F-admin_down-s1-s2-s3001-r1,46,0,-0.3602484090065366,True,False
F-admin_down-s1-s2-s3001-r1,47,0,-0.36483901358516807,True,False
F-admin_down-s1-s2-s3001-r1,48,0,-0.36011227659259676,True,False
F-admin_down-s1-s2-s3001-r1,49,0,-0.35461843126237563,True,False
F-admin_down-s1-s2-s3001-r1,50,0,-0.3550353129903372,True,False
F-admin_down-s1-s2-s3001-r1,51,0,-0.36026677235189053,True,False
F-admin_down-s1-s2-s3001-r1,52,0,-0.3676301166715699,True,False
F-admin_down-s1-s2-s3001-r1,53,0,-0.3657698841160227,True,False
F-admin_down-s1-s2-s3001-r1,54,0,-0.3586685431686938,True,False
F-admin_down-s1-s2-s3001-r1,55,0,-0.3585025849531977,True,False
F-admin_down-s1-s2-s3001-r1,56,0,-0.35572798723258303,True,False
F-admin_down-s1-s2-s3001-r1,57,0,-0.35786367052949597,True,False
F-admin_down-s1-s2-s3001-r1,58,0,-0.35501809146027363,True,False
F-admin_down-s1-s2-s3001-r1,59,0,-0.3603436397585873,True,False
F-admin_down-s1-s3-s3002-r1,1,0,,False,False
F-admin_down-s1-s3-s3002-r1,2,0,-0.3665478353757887,True,False
F-admin_down-s1-s3-s3002-r1,3,0,-0.36734553546791787,True,False
F-admin_down-s1-s3-s3002-r1,4,0,-0.35980239497327304,True,False
F-admin_down-s1-s3-s3002-r1,5,0,-0.3722491310344729,True,False
F-admin_down-s1-s3-s3002-r1,6,0,-0.36536192225077435,True,False
F-admin_down-s1-s3-s3002-r1,7,0,-0.37021270962929537,True,False
F-admin_down-s1-s3-s3002-r1,8,0,-0.38222714139100067,True,False
F-admin_down-s1-s3-s3002-r1,9,0,-0.5179023097397009,True,False
F-admin_down-s1-s3-s3002-r1,10,0,-0.4466401169448499,True,False
F-admin_down-s1-s3-s3002-r1,11,0,-0.37731626436224397,True,False
F-admin_down-s1-s3-s3002-r1,12,0,-0.35446793423470074,True,False
F-admin_down-s1-s3-s3002-r1,13,0,-0.38407207659424153,True,False
F-admin_down-s1-s3-s3002-r1,14,0,-0.37921605070056624,True,False
F-admin_down-s1-s3-s3002-r1,15,0,-0.36077422421060484,True,False
F-admin_down-s1-s3-s3002-r1,16,0,-0.37098366822946144,True,False
F-admin_down-s1-s3-s3002-r1,17,0,-0.3801897563592445,True,False
F-admin_down-s1-s3-s3002-r1,18,0,-0.3659545919499186,True,False
F-admin_down-s1-s3-s3002-r1,19,0,-0.3593618916417217,True,False
F-admin_down-s1-s3-s3002-r1,20,0,-0.36839546549099234,True,False
F-admin_down-s1-s3-s3002-r1,21,1,-0.6026536764616712,True,False
F-admin_down-s1-s3-s3002-r1,22,1,-0.5481281692713944,True,False
F-admin_down-s1-s3-s3002-r1,23,1,-0.5011152848813075,True,False
F-admin_down-s1-s3-s3002-r1,24,1,-0.4802096474903861,True,False
F-admin_down-s1-s3-s3002-r1,25,1,-0.4767491851979997,True,False
F-admin_down-s1-s3-s3002-r1,26,1,-0.4724762350859123,True,False
F-admin_down-s1-s3-s3002-r1,27,1,-0.5084225537286577,True,False
F-admin_down-s1-s3-s3002-r1,28,1,-0.4949851878202165,True,False
F-admin_down-s1-s3-s3002-r1,29,1,-0.4717252439993385,True,False
F-admin_down-s1-s3-s3002-r1,30,1,-0.480020929708374,True,False
F-admin_down-s1-s3-s3002-r1,31,1,-0.4920069144317821,True,False
F-admin_down-s1-s3-s3002-r1,32,1,-0.4923151512552777,True,False
F-admin_down-s1-s3-s3002-r1,33,1,-0.494362268016554,True,False
F-admin_down-s1-s3-s3002-r1,34,1,-0.4831944365761451,True,False
F-admin_down-s1-s3-s3002-r1,35,1,-0.4730355716151189,True,False
F-admin_down-s1-s3-s3002-r1,36,1,-0.48635327470956846,True,False
F-admin_down-s1-s3-s3002-r1,37,1,-0.493820810280037,True,False
F-admin_down-s1-s3-s3002-r1,38,1,-0.4822304890696059,True,False
F-admin_down-s1-s3-s3002-r1,39,1,-0.46510829606158777,True,False
F-admin_down-s1-s3-s3002-r1,40,1,-0.4782548589244621,True,False
F-admin_down-s1-s3-s3002-r1,41,0,-0.6014377879834671,True,False
F-admin_down-s1-s3-s3002-r1,42,0,-0.5271932340974225,True,False
F-admin_down-s1-s3-s3002-r1,43,0,-0.3651037049245482,True,False
F-admin_down-s1-s3-s3002-r1,44,0,-0.361420480722836,True,False
F-admin_down-s1-s3-s3002-r1,45,0,-0.4971614752743967,True,False
F-admin_down-s1-s3-s3002-r1,46,0,-0.40922093442875074,True,False
F-admin_down-s1-s3-s3002-r1,47,0,-0.37509865543532817,True,False
F-admin_down-s1-s3-s3002-r1,48,0,-0.36317492177362365,True,False
F-admin_down-s1-s3-s3002-r1,49,0,-0.362066953354553,True,False
F-admin_down-s1-s3-s3002-r1,50,0,-0.36250046163222277,True,False
F-admin_down-s1-s3-s3002-r1,51,0,-0.3633782006103295,True,False
F-admin_down-s1-s3-s3002-r1,52,0,-0.3572552986238844,True,False
F-admin_down-s1-s3-s3002-r1,53,0,-0.3642860441762165,True,False
F-admin_down-s1-s3-s3002-r1,54,0,-0.36078453179106434,True,False
F-admin_down-s1-s3-s3002-r1,55,0,-0.37735176796328335,True,False
F-admin_down-s1-s3-s3002-r1,56,0,-0.36382069861025507,True,False
F-admin_down-s1-s3-s3002-r1,57,0,-0.36273445099143026,True,False
F-admin_down-s1-s3-s3002-r1,58,0,-0.36078606254111834,True,False
F-admin_down-s1-s3-s3002-r1,59,0,-0.39731460720616374,True,False
F-degrade-s1-s2-s3003-r1,1,0,,False,False
F-degrade-s1-s2-s3003-r1,2,0,-0.3650670113902143,True,False
F-degrade-s1-s2-s3003-r1,3,0,-0.3611355973126916,True,False
F-degrade-s1-s2-s3003-r1,4,0,-0.4853249602465482,True,False
F-degrade-s1-s2-s3003-r1,5,0,-0.41410420705231143,True,False
F-degrade-s1-s2-s3003-r1,6,0,-0.37122315584361015,True,False
F-degrade-s1-s2-s3003-r1,7,0,-0.382312631381417,True,False
F-degrade-s1-s2-s3003-r1,8,0,-0.37091410226895377,True,False
F-degrade-s1-s2-s3003-r1,9,0,-0.37607889430303126,True,False
F-degrade-s1-s2-s3003-r1,10,0,-0.38826056836725625,True,False
F-degrade-s1-s2-s3003-r1,11,0,-0.3984425817685883,True,False
F-degrade-s1-s2-s3003-r1,12,0,-0.3667018074913681,True,False
F-degrade-s1-s2-s3003-r1,13,0,-0.3650030474529444,True,False
F-degrade-s1-s2-s3003-r1,14,0,-0.37526176406024137,True,False
F-degrade-s1-s2-s3003-r1,15,0,-0.3747987515406347,True,False
F-degrade-s1-s2-s3003-r1,16,0,-0.3704790207188973,True,False
F-degrade-s1-s2-s3003-r1,17,0,-0.3781334165507011,True,False
F-degrade-s1-s2-s3003-r1,18,0,-0.3687791660723589,True,False
F-degrade-s1-s2-s3003-r1,19,0,-0.3760427785849877,True,False
F-degrade-s1-s2-s3003-r1,20,0,-0.38086751751080455,True,False
F-degrade-s1-s2-s3003-r1,21,1,,False,False
F-degrade-s1-s2-s3003-r1,22,1,,False,False
F-degrade-s1-s2-s3003-r1,23,1,-0.39594948980176076,True,False
F-degrade-s1-s2-s3003-r1,24,1,-0.4152890724377925,True,False
F-degrade-s1-s2-s3003-r1,25,1,-0.4441979545742502,True,False
F-degrade-s1-s2-s3003-r1,26,1,-0.40610695340159075,True,False
F-degrade-s1-s2-s3003-r1,27,1,-0.4230871030455417,True,False
F-degrade-s1-s2-s3003-r1,28,1,-0.44249840123286965,True,False
F-degrade-s1-s2-s3003-r1,29,1,-0.4435042009767791,True,False
F-degrade-s1-s2-s3003-r1,30,1,-0.4280664239121507,True,False
F-degrade-s1-s2-s3003-r1,31,1,-0.40377370826334225,True,False
F-degrade-s1-s2-s3003-r1,32,1,-0.4252171262554114,True,False
F-degrade-s1-s2-s3003-r1,33,1,-0.443372134820621,True,False
F-degrade-s1-s2-s3003-r1,34,1,-0.40209833677936513,True,False
F-degrade-s1-s2-s3003-r1,35,1,-0.41091679641457485,True,False
F-degrade-s1-s2-s3003-r1,36,1,-0.5144087786335425,True,False
F-degrade-s1-s2-s3003-r1,37,1,-0.4357848571118077,True,False
F-degrade-s1-s2-s3003-r1,38,1,-0.3979597148673791,True,False
F-degrade-s1-s2-s3003-r1,39,1,-0.393942331281606,True,False
F-degrade-s1-s2-s3003-r1,40,1,-0.384216044583367,True,False
F-degrade-s1-s2-s3003-r1,41,0,,False,False
F-degrade-s1-s2-s3003-r1,42,0,,False,False
F-degrade-s1-s2-s3003-r1,43,0,-0.6117001641943317,True,False
F-degrade-s1-s2-s3003-r1,44,0,-0.43614921096322057,True,False
F-degrade-s1-s2-s3003-r1,45,0,-0.39629640489440343,True,False
F-degrade-s1-s2-s3003-r1,46,0,-0.39032501980467676,True,False
F-degrade-s1-s2-s3003-r1,47,0,-0.41454670387272274,True,False
F-degrade-s1-s2-s3003-r1,48,0,-0.41093419810318427,True,False
F-degrade-s1-s2-s3003-r1,49,0,-0.3886990719009031,True,False
F-degrade-s1-s2-s3003-r1,50,0,-0.3767235464910297,True,False
F-degrade-s1-s2-s3003-r1,51,0,-0.36896722343372557,True,False
F-degrade-s1-s2-s3003-r1,52,0,-0.37858347137228127,True,False
F-degrade-s1-s2-s3003-r1,53,0,-0.3840401147164544,True,False
F-degrade-s1-s2-s3003-r1,54,0,-0.3768673411931263,True,False
F-degrade-s1-s2-s3003-r1,55,0,-0.3817756784692009,True,False
F-degrade-s1-s2-s3003-r1,56,0,-0.3787895640219756,True,False
F-degrade-s1-s2-s3003-r1,57,0,-0.40503269811005804,True,False
F-degrade-s1-s2-s3003-r1,58,0,-0.4195142861098755,True,False
F-degrade-s1-s2-s3003-r1,59,0,-0.385986653697778,True,False
F-degrade-s2-s3-s3004-r1,1,0,,False,False
F-degrade-s2-s3-s3004-r1,2,0,-0.3651012206884409,True,False
F-degrade-s2-s3-s3004-r1,3,0,-0.36935637081052813,True,False
F-degrade-s2-s3-s3004-r1,4,0,-0.36289597065705725,True,False
F-degrade-s2-s3-s3004-r1,5,0,-0.3740082258597111,True,False
F-degrade-s2-s3-s3004-r1,6,0,-0.40245058446924775,True,False
F-degrade-s2-s3-s3004-r1,7,0,-0.40573645241419853,True,False
F-degrade-s2-s3-s3004-r1,8,0,-0.38558682334684496,True,False
F-degrade-s2-s3-s3004-r1,9,0,-0.36098281382189085,True,False
F-degrade-s2-s3-s3004-r1,10,0,-0.36982734435357967,True,False
F-degrade-s2-s3-s3004-r1,11,0,-0.3856850619318758,True,False
F-degrade-s2-s3-s3004-r1,12,0,-0.3780266760208539,True,False
F-degrade-s2-s3-s3004-r1,13,0,-0.35845767281090124,True,False
F-degrade-s2-s3-s3004-r1,14,0,-0.36466975873985535,True,False
F-degrade-s2-s3-s3004-r1,15,0,-0.3605266477067691,True,False
F-degrade-s2-s3-s3004-r1,16,0,-0.35973956135527874,True,False
F-degrade-s2-s3-s3004-r1,17,0,-0.3686318028541238,True,False
F-degrade-s2-s3-s3004-r1,18,0,-0.3639878045176857,True,False
F-degrade-s2-s3-s3004-r1,19,0,-0.3627384863577092,True,False
F-degrade-s2-s3-s3004-r1,20,0,-0.36672030357997376,True,False
F-degrade-s2-s3-s3004-r1,21,1,,False,False
F-degrade-s2-s3-s3004-r1,22,1,,False,False
F-degrade-s2-s3-s3004-r1,23,1,-0.4193701529335549,True,False
F-degrade-s2-s3-s3004-r1,24,1,-0.4160739754057495,True,False
F-degrade-s2-s3-s3004-r1,25,1,-0.4273565284954181,True,False
F-degrade-s2-s3-s3004-r1,26,1,-0.4272624579610119,True,False
F-degrade-s2-s3-s3004-r1,27,1,-0.42396920935213167,True,False
F-degrade-s2-s3-s3004-r1,28,1,-0.4198358310680362,True,False
F-degrade-s2-s3-s3004-r1,29,1,-0.4272450446345391,True,False
F-degrade-s2-s3-s3004-r1,30,1,-0.42191323129499636,True,False
F-degrade-s2-s3-s3004-r1,31,1,-0.4169593154277424,True,False
F-degrade-s2-s3-s3004-r1,32,1,-0.4160412448714127,True,False
F-degrade-s2-s3-s3004-r1,33,1,-0.4199928931453716,True,False
F-degrade-s2-s3-s3004-r1,34,1,-0.4210395347453493,True,False
F-degrade-s2-s3-s3004-r1,35,1,-0.48517176764997677,True,False
F-degrade-s2-s3-s3004-r1,36,1,-0.44394531723239333,True,False
F-degrade-s2-s3-s3004-r1,37,1,-0.4216086120327387,True,False
F-degrade-s2-s3-s3004-r1,38,1,-0.42238148775587764,True,False
F-degrade-s2-s3-s3004-r1,39,1,-0.42333622271381594,True,False
F-degrade-s2-s3-s3004-r1,40,1,-0.4216021566615179,True,False
F-degrade-s2-s3-s3004-r1,41,0,,False,False
F-degrade-s2-s3-s3004-r1,42,0,,False,False
F-degrade-s2-s3-s3004-r1,43,0,-0.3612619337123876,True,False
F-degrade-s2-s3-s3004-r1,44,0,-0.35569945201304953,True,False
F-degrade-s2-s3-s3004-r1,45,0,-0.36260793193635177,True,False
F-degrade-s2-s3-s3004-r1,46,0,-0.3632031858052495,True,False
F-degrade-s2-s3-s3004-r1,47,0,-0.3576686921738055,True,False
F-degrade-s2-s3-s3004-r1,48,0,-0.3627182785783788,True,False
F-degrade-s2-s3-s3004-r1,49,0,-0.3581619943249273,True,False
F-degrade-s2-s3-s3004-r1,50,0,-0.3626769846641315,True,False
F-degrade-s2-s3-s3004-r1,51,0,-0.3593741607559781,True,False
F-degrade-s2-s3-s3004-r1,52,0,-0.3563114719884632,True,False
F-degrade-s2-s3-s3004-r1,53,0,-0.3558072145079231,True,False
F-degrade-s2-s3-s3004-r1,54,0,-0.36088581890736776,True,False
F-degrade-s2-s3-s3004-r1,55,0,-0.3562142285510499,True,False
F-degrade-s2-s3-s3004-r1,56,0,-0.35561230898320145,True,False
F-degrade-s2-s3-s3004-r1,57,0,-0.3659657685031954,True,False
F-degrade-s2-s3-s3004-r1,58,0,-0.37013038331928416,True,False
F-degrade-s2-s3-s3004-r1,59,0,-0.36029177427487263,True,False
F-flood-h1_to_srv1-s3005-r1,1,0,,False,False
F-flood-h1_to_srv1-s3005-r1,2,0,-0.3642184053267113,True,False
F-flood-h1_to_srv1-s3005-r1,3,0,-0.36136660844549584,True,False
F-flood-h1_to_srv1-s3005-r1,4,0,-0.3677842500813849,True,False
F-flood-h1_to_srv1-s3005-r1,5,0,-0.37079809084886983,True,False
F-flood-h1_to_srv1-s3005-r1,6,0,-0.36907313445388124,True,False
F-flood-h1_to_srv1-s3005-r1,7,0,-0.36004336998150793,True,False
F-flood-h1_to_srv1-s3005-r1,8,0,-0.36397231777569045,True,False
F-flood-h1_to_srv1-s3005-r1,9,0,-0.3585392253640538,True,False
F-flood-h1_to_srv1-s3005-r1,10,0,-0.3730342105728466,True,False
F-flood-h1_to_srv1-s3005-r1,11,0,-0.39537282054855255,True,False
F-flood-h1_to_srv1-s3005-r1,12,0,-0.38264016310947657,True,False
F-flood-h1_to_srv1-s3005-r1,13,0,-0.35805196269414324,True,False
F-flood-h1_to_srv1-s3005-r1,14,0,-0.38849180939662425,True,False
F-flood-h1_to_srv1-s3005-r1,15,0,-0.3739400149702434,True,False
F-flood-h1_to_srv1-s3005-r1,16,0,-0.3620190478164056,True,False
F-flood-h1_to_srv1-s3005-r1,17,0,-0.36680201384530603,True,False
F-flood-h1_to_srv1-s3005-r1,18,0,-0.368692931166841,True,False
F-flood-h1_to_srv1-s3005-r1,19,0,-0.3627796780817137,True,False
F-flood-h1_to_srv1-s3005-r1,20,0,-0.3914813574183176,True,False
F-flood-h1_to_srv1-s3005-r1,21,1,-0.6248945341389913,True,False
F-flood-h1_to_srv1-s3005-r1,22,1,-0.6270635108168536,True,False
F-flood-h1_to_srv1-s3005-r1,23,1,-0.4849724173149347,True,False
F-flood-h1_to_srv1-s3005-r1,24,1,-0.47978631067119853,True,False
F-flood-h1_to_srv1-s3005-r1,25,1,-0.4914520874437426,True,False
F-flood-h1_to_srv1-s3005-r1,26,1,-0.5270622287598775,True,False
F-flood-h1_to_srv1-s3005-r1,27,1,-0.5049576768655512,True,False
F-flood-h1_to_srv1-s3005-r1,28,1,-0.5501244663105209,True,False
F-flood-h1_to_srv1-s3005-r1,29,1,-0.5444771367715014,True,False
F-flood-h1_to_srv1-s3005-r1,30,1,-0.5203551192357124,True,False
F-flood-h1_to_srv1-s3005-r1,31,1,-0.5223614620936348,True,False
F-flood-h1_to_srv1-s3005-r1,32,1,-0.5056086844005782,True,False
F-flood-h1_to_srv1-s3005-r1,33,1,-0.5112247450412797,True,False
F-flood-h1_to_srv1-s3005-r1,34,1,-0.49796389895490667,True,False
F-flood-h1_to_srv1-s3005-r1,35,1,-0.5128165214327282,True,False
F-flood-h1_to_srv1-s3005-r1,36,1,-0.503780271856584,True,False
F-flood-h1_to_srv1-s3005-r1,37,1,-0.5028772396973186,True,False
F-flood-h1_to_srv1-s3005-r1,38,1,-0.5071102702263466,True,False
F-flood-h1_to_srv1-s3005-r1,39,1,-0.508119519462549,True,False
F-flood-h1_to_srv1-s3005-r1,40,1,-0.5127664297442162,True,False
F-flood-h1_to_srv1-s3005-r1,41,0,-0.5796105092605491,True,False
F-flood-h1_to_srv1-s3005-r1,42,0,-0.6277916372039423,True,False
F-flood-h1_to_srv1-s3005-r1,43,0,-0.6395468089275913,True,False
F-flood-h1_to_srv1-s3005-r1,44,0,-0.6047780369069093,True,False
F-flood-h1_to_srv1-s3005-r1,45,0,-0.650366453482475,True,True
F-flood-h1_to_srv1-s3005-r1,46,0,-0.5917503356590066,True,False
F-flood-h1_to_srv1-s3005-r1,47,0,-0.63971492252744,True,False
F-flood-h1_to_srv1-s3005-r1,48,0,-0.5601721006066028,True,False
F-flood-h1_to_srv1-s3005-r1,49,0,-0.3835123563290121,True,False
F-flood-h1_to_srv1-s3005-r1,50,0,-0.37366810747158347,True,False
F-flood-h1_to_srv1-s3005-r1,51,0,-0.3841217159943883,True,False
F-flood-h1_to_srv1-s3005-r1,52,0,-0.3687765586776483,True,False
F-flood-h1_to_srv1-s3005-r1,53,0,-0.35971501899989655,True,False
F-flood-h1_to_srv1-s3005-r1,54,0,-0.37069739985460015,True,False
F-flood-h1_to_srv1-s3005-r1,55,0,-0.360901209899622,True,False
F-flood-h1_to_srv1-s3005-r1,56,0,-0.36627256570226635,True,False
F-flood-h1_to_srv1-s3005-r1,57,0,-0.4718818111774444,True,False
F-flood-h1_to_srv1-s3005-r1,58,0,-0.4072381195478234,True,False
F-flood-h1_to_srv1-s3005-r1,59,0,-0.3630997552588374,True,False
F-flood-h2_to_srv2-s3006-r1,1,0,,False,False
F-flood-h2_to_srv2-s3006-r1,2,0,-0.3749855233583824,True,False
F-flood-h2_to_srv2-s3006-r1,3,0,-0.359985494471446,True,False
F-flood-h2_to_srv2-s3006-r1,4,0,-0.3621353712666468,True,False
F-flood-h2_to_srv2-s3006-r1,5,0,-0.3659263941543332,True,False
F-flood-h2_to_srv2-s3006-r1,6,0,-0.37003354030533436,True,False
F-flood-h2_to_srv2-s3006-r1,7,0,-0.35993821693770905,True,False
F-flood-h2_to_srv2-s3006-r1,8,0,-0.36189365900681086,True,False
F-flood-h2_to_srv2-s3006-r1,9,0,-0.35906676689937056,True,False
F-flood-h2_to_srv2-s3006-r1,10,0,-0.35924619549973963,True,False
F-flood-h2_to_srv2-s3006-r1,11,0,-0.3654665142224981,True,False
F-flood-h2_to_srv2-s3006-r1,12,0,-0.3648064424013567,True,False
F-flood-h2_to_srv2-s3006-r1,13,0,-0.3708518111384616,True,False
F-flood-h2_to_srv2-s3006-r1,14,0,-0.36439817668330116,True,False
F-flood-h2_to_srv2-s3006-r1,15,0,-0.48815620183526925,True,False
F-flood-h2_to_srv2-s3006-r1,16,0,-0.4043913836857719,True,False
F-flood-h2_to_srv2-s3006-r1,17,0,-0.36484259986941053,True,False
F-flood-h2_to_srv2-s3006-r1,18,0,-0.3634458078356233,True,False
F-flood-h2_to_srv2-s3006-r1,19,0,-0.4080494276995809,True,False
F-flood-h2_to_srv2-s3006-r1,20,0,-0.42670735020350453,True,False
F-flood-h2_to_srv2-s3006-r1,21,1,-0.6257151026088364,True,False
F-flood-h2_to_srv2-s3006-r1,22,1,-0.6200567539827339,True,False
F-flood-h2_to_srv2-s3006-r1,23,1,-0.5026521222644234,True,False
F-flood-h2_to_srv2-s3006-r1,24,1,-0.4900582117289117,True,False
F-flood-h2_to_srv2-s3006-r1,25,1,-0.48608216133266485,True,False
F-flood-h2_to_srv2-s3006-r1,26,1,-0.4815797954701879,True,False
F-flood-h2_to_srv2-s3006-r1,27,1,-0.48065980515365775,True,False
F-flood-h2_to_srv2-s3006-r1,28,1,-0.4794561371112035,True,False
F-flood-h2_to_srv2-s3006-r1,29,1,-0.4789857349608185,True,False
F-flood-h2_to_srv2-s3006-r1,30,1,-0.47781242820275077,True,False
F-flood-h2_to_srv2-s3006-r1,31,1,-0.4826718609476206,True,False
F-flood-h2_to_srv2-s3006-r1,32,1,-0.4761170308152224,True,False
F-flood-h2_to_srv2-s3006-r1,33,1,-0.4777202622298411,True,False
F-flood-h2_to_srv2-s3006-r1,34,1,-0.4806102615773268,True,False
F-flood-h2_to_srv2-s3006-r1,35,1,-0.48307272280550895,True,False
F-flood-h2_to_srv2-s3006-r1,36,1,-0.477726390647444,True,False
F-flood-h2_to_srv2-s3006-r1,37,1,-0.4772065991594564,True,False
F-flood-h2_to_srv2-s3006-r1,38,1,-0.4894354859840006,True,False
F-flood-h2_to_srv2-s3006-r1,39,1,-0.48265086353860187,True,False
F-flood-h2_to_srv2-s3006-r1,40,1,-0.4779312191997787,True,False
F-flood-h2_to_srv2-s3006-r1,41,0,-0.5488068574626269,True,False
F-flood-h2_to_srv2-s3006-r1,42,0,-0.6170791991030017,True,False
F-flood-h2_to_srv2-s3006-r1,43,0,-0.665725577820918,True,True
F-flood-h2_to_srv2-s3006-r1,44,0,-0.5166684424064427,True,False
F-flood-h2_to_srv2-s3006-r1,45,0,-0.6272495790493792,True,False
F-flood-h2_to_srv2-s3006-r1,46,0,-0.5527251889258303,True,False
F-flood-h2_to_srv2-s3006-r1,47,0,-0.3540009045800291,True,False
F-flood-h2_to_srv2-s3006-r1,48,0,-0.3533698707818115,True,False
F-flood-h2_to_srv2-s3006-r1,49,0,-0.36143190466940056,True,False
F-flood-h2_to_srv2-s3006-r1,50,0,-0.36245725389613515,True,False
F-flood-h2_to_srv2-s3006-r1,51,0,-0.3603827540190647,True,False
F-flood-h2_to_srv2-s3006-r1,52,0,-0.35998046981084325,True,False
F-flood-h2_to_srv2-s3006-r1,53,0,-0.36239416140170305,True,False
F-flood-h2_to_srv2-s3006-r1,54,0,-0.36127331706872323,True,False
F-flood-h2_to_srv2-s3006-r1,55,0,-0.36787754187454846,True,False
F-flood-h2_to_srv2-s3006-r1,56,0,-0.36249834962703376,True,False
F-flood-h2_to_srv2-s3006-r1,57,0,-0.36449268209346414,True,False
F-flood-h2_to_srv2-s3006-r1,58,0,-0.3625293270554312,True,False
F-flood-h2_to_srv2-s3006-r1,59,0,-0.3623932343792457,True,False
F-shift-s1-s2-s3007-r1,1,0,,False,False
F-shift-s1-s2-s3007-r1,2,0,-0.47866395801149997,True,False
F-shift-s1-s2-s3007-r1,3,0,-0.4061135650539309,True,False
F-shift-s1-s2-s3007-r1,4,0,-0.3648695936874821,True,False
F-shift-s1-s2-s3007-r1,5,0,-0.36547381252854144,True,False
F-shift-s1-s2-s3007-r1,6,0,-0.3779669470447402,True,False
F-shift-s1-s2-s3007-r1,7,0,-0.3647854486485781,True,False
F-shift-s1-s2-s3007-r1,8,0,-0.36344175717066846,True,False
F-shift-s1-s2-s3007-r1,9,0,-0.35788768030728224,True,False
F-shift-s1-s2-s3007-r1,10,0,-0.3920739221925313,True,False
F-shift-s1-s2-s3007-r1,11,0,-0.4053756347692492,True,False
F-shift-s1-s2-s3007-r1,12,0,-0.3813817186937613,True,False
F-shift-s1-s2-s3007-r1,13,0,-0.3596573315335817,True,False
F-shift-s1-s2-s3007-r1,14,0,-0.36765846520923395,True,False
F-shift-s1-s2-s3007-r1,15,0,-0.36143951339756697,True,False
F-shift-s1-s2-s3007-r1,16,0,-0.36491045514178794,True,False
F-shift-s1-s2-s3007-r1,17,0,-0.36215170894966625,True,False
F-shift-s1-s2-s3007-r1,18,0,-0.359093036273265,True,False
F-shift-s1-s2-s3007-r1,19,0,-0.3610336814743679,True,False
F-shift-s1-s2-s3007-r1,20,0,-0.39617739771074767,True,False
F-shift-s1-s2-s3007-r1,21,1,,False,False
F-shift-s1-s2-s3007-r1,22,1,,False,False
F-shift-s1-s2-s3007-r1,23,1,-0.5014881571363506,True,False
F-shift-s1-s2-s3007-r1,24,1,-0.5086194791729552,True,False
F-shift-s1-s2-s3007-r1,25,1,-0.5432819870409238,True,False
F-shift-s1-s2-s3007-r1,26,1,-0.5198067224528087,True,False
F-shift-s1-s2-s3007-r1,27,1,-0.5167562352775295,True,False
F-shift-s1-s2-s3007-r1,28,1,-0.5332396522694752,True,False
F-shift-s1-s2-s3007-r1,29,1,-0.5016569761624448,True,False
F-shift-s1-s2-s3007-r1,30,1,-0.5467000827543516,True,False
F-shift-s1-s2-s3007-r1,31,1,-0.5472056492039127,True,False
F-shift-s1-s2-s3007-r1,32,1,-0.5439514563505263,True,False
F-shift-s1-s2-s3007-r1,33,1,-0.543400823032249,True,False
F-shift-s1-s2-s3007-r1,34,1,-0.5860837360566462,True,False
F-shift-s1-s2-s3007-r1,35,1,-0.5293729934755917,True,False
F-shift-s1-s2-s3007-r1,36,1,-0.5089569665090695,True,False
F-shift-s1-s2-s3007-r1,37,1,-0.5191640233524326,True,False
F-shift-s1-s2-s3007-r1,38,1,-0.5500252423269363,True,False
F-shift-s1-s2-s3007-r1,39,1,-0.5045812812344154,True,False
F-shift-s1-s2-s3007-r1,40,1,-0.5165731132543664,True,False
F-shift-s1-s2-s3007-r1,41,0,,False,False
F-shift-s1-s2-s3007-r1,42,0,,False,False
F-shift-s1-s2-s3007-r1,43,0,-0.6661058179037717,True,True
F-shift-s1-s2-s3007-r1,44,0,-0.6327614467679181,True,False
F-shift-s1-s2-s3007-r1,45,0,-0.5632842846096682,True,False
F-shift-s1-s2-s3007-r1,46,0,-0.47123237252364497,True,False
F-shift-s1-s2-s3007-r1,47,0,-0.4047671793110351,True,False
F-shift-s1-s2-s3007-r1,48,0,-0.37800705853951855,True,False
F-shift-s1-s2-s3007-r1,49,0,-0.37666128578423486,True,False
F-shift-s1-s2-s3007-r1,50,0,-0.38158623999280067,True,False
F-shift-s1-s2-s3007-r1,51,0,-0.38234175269459625,True,False
F-shift-s1-s2-s3007-r1,52,0,-0.37437811100595597,True,False
F-shift-s1-s2-s3007-r1,53,0,-0.382006619301299,True,False
F-shift-s1-s2-s3007-r1,54,0,-0.37622956725278645,True,False
F-shift-s1-s2-s3007-r1,55,0,-0.3815380039174086,True,False
F-shift-s1-s2-s3007-r1,56,0,-0.38182982945431315,True,False
F-shift-s1-s2-s3007-r1,57,0,-0.3813258601005206,True,False
F-shift-s1-s2-s3007-r1,58,0,-0.37983941037650953,True,False
F-shift-s1-s2-s3007-r1,59,0,-0.38091864421881283,True,False
F-shift-s1-s3-s3008-r1,1,0,,False,False
F-shift-s1-s3-s3008-r1,2,0,-0.36759801775247536,True,False
F-shift-s1-s3-s3008-r1,3,0,-0.3856417312816251,True,False
F-shift-s1-s3-s3008-r1,4,0,-0.3929180768839478,True,False
F-shift-s1-s3-s3008-r1,5,0,-0.3707691289011769,True,False
F-shift-s1-s3-s3008-r1,6,0,-0.37834472739478614,True,False
F-shift-s1-s3-s3008-r1,7,0,-0.3698385335803557,True,False
F-shift-s1-s3-s3008-r1,8,0,-0.3666870461713902,True,False
F-shift-s1-s3-s3008-r1,9,0,-0.35627383068730384,True,False
F-shift-s1-s3-s3008-r1,10,0,-0.35788580882707904,True,False
F-shift-s1-s3-s3008-r1,11,0,-0.36812247860454866,True,False
F-shift-s1-s3-s3008-r1,12,0,-0.35990220907241793,True,False
F-shift-s1-s3-s3008-r1,13,0,-0.3782359344705597,True,False
F-shift-s1-s3-s3008-r1,14,0,-0.37852708826893655,True,False
F-shift-s1-s3-s3008-r1,15,0,-0.3791343530863932,True,False
F-shift-s1-s3-s3008-r1,16,0,-0.3622464788418074,True,False
F-shift-s1-s3-s3008-r1,17,0,-0.3659971247825763,True,False
F-shift-s1-s3-s3008-r1,18,0,-0.36100783412300086,True,False
F-shift-s1-s3-s3008-r1,19,0,-0.36167613537071136,True,False
F-shift-s1-s3-s3008-r1,20,0,-0.36717499836391065,True,False
F-shift-s1-s3-s3008-r1,21,1,,False,False
F-shift-s1-s3-s3008-r1,22,1,,False,False
F-shift-s1-s3-s3008-r1,23,1,-0.5123857069448644,True,False
F-shift-s1-s3-s3008-r1,24,1,-0.5187357995842043,True,False
F-shift-s1-s3-s3008-r1,25,1,-0.49239063512207376,True,False
F-shift-s1-s3-s3008-r1,26,1,-0.4979503894191717,True,False
F-shift-s1-s3-s3008-r1,27,1,-0.560399322208084,True,False
F-shift-s1-s3-s3008-r1,28,1,-0.5300068120938927,True,False
F-shift-s1-s3-s3008-r1,29,1,-0.527748114000273,True,False
F-shift-s1-s3-s3008-r1,30,1,-0.5505165970276125,True,False
F-shift-s1-s3-s3008-r1,31,1,-0.5083469716806813,True,False
F-shift-s1-s3-s3008-r1,32,1,-0.5111949965269337,True,False
F-shift-s1-s3-s3008-r1,33,1,-0.5163273648798764,True,False
F-shift-s1-s3-s3008-r1,34,1,-0.5030349581051444,True,False
F-shift-s1-s3-s3008-r1,35,1,-0.5436301927052897,True,False
F-shift-s1-s3-s3008-r1,36,1,-0.5061211060499021,True,False
F-shift-s1-s3-s3008-r1,37,1,-0.4957150550701163,True,False
F-shift-s1-s3-s3008-r1,38,1,-0.4976533472707448,True,False
F-shift-s1-s3-s3008-r1,39,1,-0.4848085382862797,True,False
F-shift-s1-s3-s3008-r1,40,1,-0.5467022187851097,True,False
F-shift-s1-s3-s3008-r1,41,0,,False,False
F-shift-s1-s3-s3008-r1,42,0,,False,False
F-shift-s1-s3-s3008-r1,43,0,-0.6518795998843517,True,True
F-shift-s1-s3-s3008-r1,44,0,-0.5050851520337355,True,False
F-shift-s1-s3-s3008-r1,45,0,-0.48347780043048266,True,False
F-shift-s1-s3-s3008-r1,46,0,-0.4543863585601356,True,False
F-shift-s1-s3-s3008-r1,47,0,-0.3907848128586819,True,False
F-shift-s1-s3-s3008-r1,48,0,-0.40229798600680206,True,False
F-shift-s1-s3-s3008-r1,49,0,-0.3837094221032259,True,False
F-shift-s1-s3-s3008-r1,50,0,-0.38162084076661956,True,False
F-shift-s1-s3-s3008-r1,51,0,-0.38688485507374176,True,False
F-shift-s1-s3-s3008-r1,52,0,-0.3928847363532998,True,False
F-shift-s1-s3-s3008-r1,53,0,-0.38556420501990746,True,False
F-shift-s1-s3-s3008-r1,54,0,-0.3881181884195875,True,False
F-shift-s1-s3-s3008-r1,55,0,-0.39013686580565066,True,False
F-shift-s1-s3-s3008-r1,56,0,-0.39991063643443336,True,False
F-shift-s1-s3-s3008-r1,57,0,-0.3864185881426826,True,False
F-shift-s1-s3-s3008-r1,58,0,-0.3825118625723468,True,False
F-shift-s1-s3-s3008-r1,59,0,-0.3968402181405237,True,False
