run_id,tick,y,k,excess,k_ind,k_rate,k_loss,judgeable71,judgeable_loss,alarm_primary_k,alarm_secondary_excess,alarm_secondary_dual,alarm_ablation_loss_only
C-load2M-s2001-r1,1,0,0,0.0,0,0,0,True,True,False,False,False,False
C-load2M-s2001-r1,2,0,0,0.0,0,0,0,True,True,False,False,False,False
C-load2M-s2001-r1,3,0,0,0.0,0,0,0,True,True,False,False,False,False
C-load2M-s2001-r1,4,0,0,0.0,0,0,0,True,True,False,False,False,False
C-load2M-s2001-r1,5,0,0,0.0,0,0,0,True,True,False,False,False,False
C-load2M-s2001-r1,6,0,0,0.0,0,0,0,True,True,False,False,False,False
C-load2M-s2001-r1,7,0,0,0.0,0,0,0,True,True,False,False,False,False
C-load2M-s2001-r1,8,0,0,0.0,0,0,0,True,True,False,False,False,False
C-load2M-s2001-r1,9,0,0,0.0,0,0,0,True,True,False,False,False,False
C-load2M-s2001-r1,10,0,0,0.0,0,0,0,True,True,False,False,False,False
C-load2M-s2001-r1,11,0,0,0.0,0,0,0,True,True,False,False,False,False
C-load2M-s2001-r1,12,0,0,0.0,0,0,0,True,True,False,False,False,False
C-load2M-s2001-r1,13,0,0,0.0,0,0,0,True,True,False,False,False,False
C-load2M-s2001-r1,14,0,0,0.0,0,0,0,True,True,False,False,False,False
C-load2M-s2001-r1,15,0,0,0.0,0,0,0,True,True,False,False,False,False
C-load2M-s2001-r1,16,0,0,0.0,0,0,0,True,True,False,False,False,False
C-load2M-s2001-r1,17,0,0,0.0,0,0,0,True,True,False,False,False,False
C-load2M-s2001-r1,18,0,0,0.0,0,0,0,True,True,False,False,False,False
C-load2M-s2001-r1,19,0,0,0.0,0,0,0,True,True,False,False,False,False
C-load2M-s2001-r1,20,0,0,0.0,0,0,0,True,True,False,False,False,False
C-load2M-s2001-r1,21,0,0,0.0,0,0,0,True,True,False,False,False,False
C-load2M-s2001-r1,22,0,0,0.0,0,0,0,True,True,False,False,False,False
C-load2M-s2001-r1,23,0,0,0.0,0,0,0,True,True,False,False,False,False
C-load2M-s2001-r1,24,0,0,0.0,0,0,0,True,True,False,False,False,False
C-load2M-s2001-r1,25,0,0,0.0,0,0,0,True,True,False,False,False,False
C-load2M-s2001-r1,26,0,0,0.0,0,0,0,True,True,False,False,False,False
C-load2M-s2001-r1,27,0,0,0.0,0,0,0,True,True,False,False,False,False
C-load2M-s2001-r1,28,0,0,0.0,0,0,0,True,True,False,False,False,False
C-load2M-s2001-r1,29,0,0,0.0,0,0,0,True,True,False,False,False,False
C-load2M-s2001-r1,30,0,0,0.0,0,0,0,True,True,False,False,False,False
C-load2M-s2001-r1,31,0,0,0.0,0,0,0,True,True,False,False,False,False
C-load2M-s2001-r1,32,0,0,0.0,0,0,0,True,True,False,False,False,False
C-load2M-s2001-r1,33,0,0,0.0,0,0,0,True,True,False,False,False,False
C-load2M-s2001-r1,34,0,0,0.0,0,0,0,True,True,False,False,False,False
C-load2M-s2001-r1,35,0,0,0.0,0,0,0,True,True,False,False,False,False
C-load2M-s2001-r1,36,0,0,0.0,0,0,0,True,True,False,False,False,False
C-load2M-s2001-r1,37,0,0,0.0,0,0,0,True,True,False,False,False,False
C-load2M-s2001-r1,38,0,0,0.0,0,0,0,True,True,False,False,False,False
C-load2M-s2001-r1,39,0,0,0.0,0,0,0,True,True,False,False,False,False
C-load2M-s2001-r1,40,0,0,0.0,0,0,0,True,True,False,False,False,False
C-load2M-s2001-r1,41,0,0,0.0,0,0,0,True,True,False,False,False,False
C-load2M-s2001-r1,42,0,0,0.0,0,0,0,True,True,False,False,False,False
C-load2M-s2001-r1,43,0,0,0.0,0,0,0,True,True,False,False,False,False
C-load2M-s2001-r1,44,0,0,0.0,0,0,0,True,True,False,False,False,False
C-load2M-s2001-r1,45,0,0,0.0,0,0,0,True,True,False,False,False,False
C-load2M-s2001-r1,46,0,0,0.0,0,0,0,True,True,False,False,False,False
C-load2M-s2001-r1,47,0,0,0.0,0,0,0,True,True,False,False,False,False
C-load2M-s2001-r1,48,0,0,0.0,0,0,0,True,True,False,False,False,False
C-load2M-s2001-r1,49,0,0,0.0,0,0,0,True,True,False,False,False,False
C-load2M-s2001-r1,50,0,0,0.0,0,0,0,True,True,False,False,False,False
C-load2M-s2001-r1,51,0,0,0.0,0,0,0,True,True,False,False,False,False
C-load2M-s2001-r1,52,0,0,0.0,0,0,0,True,True,False,False,False,False
C-load2M-s2001-r1,53,0,0,0.0,0,0,0,True,True,False,False,False,False
C-load2M-s2001-r1,54,0,0,0.0,0,0,0,True,True,False,False,False,False
C-load2M-s2001-r1,55,0,0,0.0,0,0,0,True,True,False,False,False,False
C-load2M-s2001-r1,56,0,0,0.0,0,0,0,True,True,False,False,False,False
C-load2M-s2001-r1,57,0,0,0.0,0,0,0,True,True,False,False,False,False
C-load2M-s2001-r1,58,0,0,0.0,0,0,0,True,True,False,False,False,False
C-load2M-s2001-r1,59,0,0,0.0,0,0,0,True,True,False,False,False,False
C-vary-s2002-r1,1,0,0,0.0,0,0,0,True,True,False,False,False,False
C-vary-s2002-r1,2,0,0,0.0,0,0,0,True,True,False,False,False,False
C-vary-s2002-r1,3,0,0,0.0,0,0,0,True,True,False,False,False,False
C-vary-s2002-r1,4,0,0,0.0,0,0,0,True,True,False,False,False,False
C-vary-s2002-r1,5,0,0,0.0,0,0,0,True,True,False,False,False,False
C-vary-s2002-r1,6,0,3,0.03142122334556855,0,3,0,True,True,False,False,False,False
C-vary-s2002-r1,7,0,1,0.004878048780487805,0,1,0,True,True,False,False,False,False
C-vary-s2002-r1,8,0,3,0.01103384560408903,0,3,0,True,True,False,False,False,False
C-vary-s2002-r1,9,0,4,0.04730778548037069,0,4,0,True,True,False,False,False,False
C-vary-s2002-r1,10,0,7,0.10526503403503973,0,7,0,True,True,False,False,False,False
C-vary-s2002-r1,11,0,1,0.2857142857142857,0,1,0,True,True,False,False,False,False
C-vary-s2002-r1,12,0,6,0.26351807405461364,0,6,0,True,True,False,False,False,False
C-vary-s2002-r1,13,0,3,0.005971796047861452,0,3,0,True,True,False,False,False,False
C-vary-s2002-r1,14,0,0,0.0,0,0,0,True,True,False,False,False,False
C-vary-s2002-r1,15,0,0,0.0,0,0,0,True,True,False,False,False,False
C-vary-s2002-r1,16,0,12,1.976333203179823,0,12,0,True,True,False,False,False,False
C-vary-s2002-r1,17,0,0,0.0,0,0,0,True,True,False,False,False,False
C-vary-s2002-r1,18,0,0,0.0,0,0,0,True,True,False,False,False,False
C-vary-s2002-r1,19,0,0,0.0,0,0,0,True,True,False,False,False,False
C-vary-s2002-r1,20,0,0,0.0,0,0,0,True,True,False,False,False,False
C-vary-s2002-r1,21,0,0,0.0,0,0,0,True,True,False,False,False,False
C-vary-s2002-r1,22,0,0,0.0,0,0,0,True,True,False,False,False,False
C-vary-s2002-r1,23,0,0,0.0,0,0,0,True,True,False,False,False,False
C-vary-s2002-r1,24,0,1,0.01119381875530367,0,1,0,True,True,False,False,False,False
C-vary-s2002-r1,25,0,3,0.0063743663646642565,0,3,0,True,True,False,False,False,False
C-vary-s2002-r1,26,0,0,0.0,0,0,0,True,True,False,False,False,False
C-vary-s2002-r1,27,0,0,0.0,0,0,0,True,True,False,False,False,False
C-vary-s2002-r1,28,0,0,0.0,0,0,0,True,True,False,False,False,False
C-vary-s2002-r1,29,0,0,0.0,0,0,0,True,True,False,False,False,False
C-vary-s2002-r1,30,0,0,0.0,0,0,0,True,True,False,False,False,False
C-vary-s2002-r1,31,0,0,0.0,0,0,0,True,True,False,False,False,False
C-vary-s2002-r1,32,0,0,0.0,0,0,0,True,True,False,False,False,False
C-vary-s2002-r1,33,0,0,0.0,0,0,0,True,True,False,False,False,False
C-vary-s2002-r1,34,0,0,0.0,0,0,0,True,True,False,False,False,False
C-vary-s2002-r1,35,0,0,0.0,0,0,0,True,True,False,False,False,False
C-vary-s2002-r1,36,0,0,0.0,0,0,0,True,True,False,False,False,False
C-vary-s2002-r1,37,0,0,0.0,0,0,0,True,True,False,False,False,False
C-vary-s2002-r1,38,0,0,0.0,0,0,0,True,True,False,False,False,False
C-vary-s2002-r1,39,0,0,0.0,0,0,0,True,True,False,False,False,False
C-vary-s2002-r1,40,0,0,0.0,0,0,0,True,True,False,False,False,False
C-vary-s2002-r1,41,0,0,0.0,0,0,0,True,True,False,False,False,False
C-vary-s2002-r1,42,0,0,0.0,0,0,0,True,True,False,False,False,False
C-vary-s2002-r1,43,0,0,0.0,0,0,0,True,True,False,False,False,False
C-vary-s2002-r1,44,0,0,0.0,0,0,0,True,True,False,False,False,False
C-vary-s2002-r1,45,0,0,0.0,0,0,0,True,True,False,False,False,False
C-vary-s2002-r1,46,0,0,0.0,0,0,0,True,True,False,False,False,False
C-vary-s2002-r1,47,0,0,0.0,0,0,0,True,True,False,False,False,False
C-vary-s2002-r1,48,0,0,0.0,0,0,0,True,True,False,False,False,False
C-vary-s2002-r1,49,0,0,0.0,0,0,0,True,True,False,False,False,False
C-vary-s2002-r1,50,0,0,0.0,0,0,0,True,True,False,False,False,False
C-vary-s2002-r1,51,0,0,0.0,0,0,0,True,True,False,False,False,False
C-vary-s2002-r1,52,0,0,0.0,0,0,0,True,True,False,False,False,False
C-vary-s2002-r1,53,0,0,0.0,0,0,0,True,True,False,False,False,False
C-vary-s2002-r1,54,0,0,0.0,0,0,0,True,True,False,False,False,False
C-vary-s2002-r1,55,0,0,0.0,0,0,0,True,True,False,False,False,False
C-vary-s2002-r1,56,0,0,0.0,0,0,0,True,True,False,False,False,False
C-vary-s2002-r1,57,0,0,0.0,0,0,0,True,True,False,False,False,False
C-vary-s2002-r1,58,0,0,0.0,0,0,0,True,True,False,False,False,False
C-vary-s2002-r1,59,0,0,0.0,0,0,0,True,True,False,False,False,False
F-admin_down-s1-s2-s3001-r1,1,0,0,0.0,0,0,0,True,True,False,False,False,False
F-admin_down-s1-s2-s3001-r1,2,0,0,0.0,0,0,0,True,True,False,False,False,False
F-admin_down-s1-s2-s3001-r1,3,0,0,0.0,0,0,0,True,True,False,False,False,False
F-admin_down-s1-s2-s3001-r1,4,0,0,0.0,0,0,0,True,True,False,False,False,False
F-admin_down-s1-s2-s3001-r1,5,0,0,0.0,0,0,0,True,True,False,False,False,False
F-admin_down-s1-s2-s3001-r1,6,0,0,0.0,0,0,0,True,True,False,False,False,False
F-admin_down-s1-s2-s3001-r1,7,0,0,0.0,0,0,0,True,True,False,False,False,False
F-admin_down-s1-s2-s3001-r1,8,0,0,0.0,0,0,0,True,True,False,False,False,False
F-admin_down-s1-s2-s3001-r1,9,0,0,0.0,0,0,0,True,True,False,False,False,False
F-admin_down-s1-s2-s3001-r1,10,0,0,0.0,0,0,0,True,True,False,False,False,False
F-admin_down-s1-s2-s3001-r1,11,0,0,0.0,0,0,0,True,True,False,False,False,False
F-admin_down-s1-s2-s3001-r1,12,0,0,0.0,0,0,0,True,True,False,False,False,False
F-admin_down-s1-s2-s3001-r1,13,0,0,0.0,0,0,0,True,True,False,False,False,False
F-admin_down-s1-s2-s3001-r1,14,0,0,0.0,0,0,0,True,True,False,False,False,False
F-admin_down-s1-s2-s3001-r1,15,0,0,0.0,0,0,0,True,True,False,False,False,False
F-admin_down-s1-s2-s3001-r1,16,0,0,0.0,0,0,0,True,True,False,False,False,False
F-admin_down-s1-s2-s3001-r1,17,0,0,0.0,0,0,0,True,True,False,False,False,False
F-admin_down-s1-s2-s3001-r1,18,0,0,0.0,0,0,0,True,True,False,False,False,False
F-admin_down-s1-s2-s3001-r1,19,0,0,0.0,0,0,0,True,True,False,False,False,False
F-admin_down-s1-s2-s3001-r1,20,0,0,0.0,0,0,0,True,True,False,False,False,False
F-admin_down-s1-s2-s3001-r1,21,1,7,5646.866072191204,2,5,0,True,True,False,True,True,False
F-admin_down-s1-s2-s3001-r1,22,1,10,8373.431369965008,2,8,0,True,True,False,True,True,False
F-admin_down-s1-s2-s3001-r1,23,1,10,8370.863687941277,2,8,0,True,True,False,True,True,False
F-admin_down-s1-s2-s3001-r1,24,1,10,8394.113882340476,2,8,0,True,True,False,True,True,False
F-admin_down-s1-s2-s3001-r1,25,1,10,8354.377161924973,2,8,0,True,True,False,True,True,False
F-admin_down-s1-s2-s3001-r1,26,1,10,8388.168832619966,2,8,0,True,True,False,True,True,False
F-admin_down-s1-s2-s3001-r1,27,1,10,8373.426469308428,2,8,0,True,True,False,True,True,False
F-admin_down-s1-s2-s3001-r1,28,1,10,8402.985771837417,2,8,0,True,True,False,True,True,False
F-admin_down-s1-s2-s3001-r1,29,1,10,8396.921266886176,2,8,0,True,True,False,True,True,False
F-admin_down-s1-s2-s3001-r1,30,1,10,8371.672094710362,2,8,0,True,True,False,True,True,False
F-admin_down-s1-s2-s3001-r1,31,1,10,8377.226279260949,2,8,0,True,True,False,True,True,False
F-admin_down-s1-s2-s3001-r1,32,1,10,8367.503053340664,2,8,0,True,True,False,True,True,False
F-admin_down-s1-s2-s3001-r1,33,1,10,8392.233647596171,2,8,0,True,True,False,True,True,False
F-admin_down-s1-s2-s3001-r1,34,1,10,8373.224824126526,2,8,0,True,True,False,True,True,False
F-admin_down-s1-s2-s3001-r1,35,1,10,8413.609064767463,2,8,0,True,True,False,True,True,False
F-admin_down-s1-s2-s3001-r1,36,1,10,8373.25039419672,2,8,0,True,True,False,True,True,False
F-admin_down-s1-s2-s3001-r1,37,1,10,8392.485613960058,2,8,0,True,True,False,True,True,False
F-admin_down-s1-s2-s3001-r1,38,1,10,8371.206840427489,2,8,0,True,True,False,True,True,False
F-admin_down-s1-s2-s3001-r1,39,1,10,8369.488015659788,2,8,0,True,True,False,True,True,False
F-admin_down-s1-s2-s3001-r1,40,1,10,8380.85836829104,2,8,0,True,True,False,True,True,False
F-admin_down-s1-s2-s3001-r1,41,0,3,3266.1769391343223,0,3,0,True,True,False,True,False,False
F-admin_down-s1-s2-s3001-r1,42,0,0,0.0,0,0,0,True,True,False,False,False,False
F-admin_down-s1-s2-s3001-r1,43,0,0,0.0,0,0,0,True,True,False,False,False,False
F-admin_down-s1-s2-s3001-r1,44,0,0,0.0,0,0,0,True,True,False,False,False,False
F-admin_down-s1-s2-s3001-r1,45,0,0,0.0,0,0,0,True,True,False,False,False,False
F-admin_down-s1-s2-s3001-r1,46,0,0,0.0,0,0,0,True,True,False,False,False,False
F-admin_down-s1-s2-s3001-r1,47,0,0,0.0,0,0,0,True,True,False,False,False,False
F-admin_down-s1-s2-s3001-r1,48,0,0,0.0,0,0,0,True,True,False,False,False,False
F-admin_down-s1-s2-s3001-r1,49,0,0,0.0,0,0,0,True,True,False,False,False,False
F-admin_down-s1-s2-s3001-r1,50,0,0,0.0,0,0,0,True,True,False,False,False,False
F-admin_down-s1-s2-s3001-r1,51,0,0,0.0,0,0,0,True,True,False,False,False,False
F-admin_down-s1-s2-s3001-r1,52,0,0,0.0,0,0,0,True,True,False,False,False,False
F-admin_down-s1-s2-s3001-r1,53,0,0,0.0,0,0,0,True,True,False,False,False,False
F-admin_down-s1-s2-s3001-r1,54,0,0,0.0,0,0,0,True,True,False,False,False,False
F-admin_down-s1-s2-s3001-r1,55,0,0,0.0,0,0,0,True,True,False,False,False,False
F-admin_down-s1-s2-s3001-r1,56,0,0,0.0,0,0,0,True,True,False,False,False,False
F-admin_down-s1-s2-s3001-r1,57,0,0,0.0,0,0,0,True,True,False,False,False,False
F-admin_down-s1-s2-s3001-r1,58,0,0,0.0,0,0,0,True,True,False,False,False,False
F-admin_down-s1-s2-s3001-r1,59,0,0,0.0,0,0,0,True,True,False,False,False,False
F-admin_down-s1-s3-s3002-r1,1,0,0,0.0,0,0,0,True,True,False,False,False,False
F-admin_down-s1-s3-s3002-r1,2,0,0,0.0,0,0,0,True,True,False,False,False,False
F-admin_down-s1-s3-s3002-r1,3,0,0,0.0,0,0,0,True,True,False,False,False,False
F-admin_down-s1-s3-s3002-r1,4,0,0,0.0,0,0,0,True,True,False,False,False,False
F-admin_down-s1-s3-s3002-r1,5,0,0,0.0,0,0,0,True,True,False,False,False,False
F-admin_down-s1-s3-s3002-r1,6,0,0,0.0,0,0,0,True,True,False,False,False,False
F-admin_down-s1-s3-s3002-r1,7,0,0,0.0,0,0,0,True,True,False,False,False,False
F-admin_down-s1-s3-s3002-r1,8,0,0,0.0,0,0,0,True,True,False,False,False,False
F-admin_down-s1-s3-s3002-r1,9,0,0,0.0,0,0,0,True,True,False,False,False,False
F-admin_down-s1-s3-s3002-r1,10,0,0,0.0,0,0,0,True,True,False,False,False,False
F-admin_down-s1-s3-s3002-r1,11,0,0,0.0,0,0,0,True,True,False,False,False,False
F-admin_down-s1-s3-s3002-r1,12,0,0,0.0,0,0,0,True,True,False,False,False,False
F-admin_down-s1-s3-s3002-r1,13,0,0,0.0,0,0,0,True,True,False,False,False,False
F-admin_down-s1-s3-s3002-r1,14,0,0,0.0,0,0,0,True,True,False,False,False,False
F-admin_down-s1-s3-s3002-r1,15,0,0,0.0,0,0,0,True,True,False,False,False,False
F-admin_down-s1-s3-s3002-r1,16,0,0,0.0,0,0,0,True,True,False,False,False,False
F-admin_down-s1-s3-s3002-r1,17,0,0,0.0,0,0,0,True,True,False,False,False,False
F-admin_down-s1-s3-s3002-r1,18,0,0,0.0,0,0,0,True,True,False,False,False,False
F-admin_down-s1-s3-s3002-r1,19,0,0,0.0,0,0,0,True,True,False,False,False,False
F-admin_down-s1-s3-s3002-r1,20,0,0,0.0,0,0,0,True,True,False,False,False,False
F-admin_down-s1-s3-s3002-r1,21,1,10,202.39993818206298,2,8,0,True,True,False,True,True,False
F-admin_down-s1-s3-s3002-r1,22,1,10,256.42153244569386,2,8,0,True,True,False,True,True,False
F-admin_down-s1-s3-s3002-r1,23,1,10,258.4979287943242,2,8,0,True,True,False,True,True,False
F-admin_down-s1-s3-s3002-r1,24,1,10,257.7371023133903,2,8,0,True,True,False,True,True,False
F-admin_down-s1-s3-s3002-r1,25,1,10,257.38941560714255,2,8,0,True,True,False,True,True,False
F-admin_down-s1-s3-s3002-r1,26,1,10,256.39523253202253,2,8,0,True,True,False,True,True,False
F-admin_down-s1-s3-s3002-r1,27,1,10,259.7200892902683,2,8,0,True,True,False,True,True,False
F-admin_down-s1-s3-s3002-r1,28,1,10,256.64267979042916,2,8,0,True,True,False,True,True,False
F-admin_down-s1-s3-s3002-r1,29,1,10,256.0386315782387,2,8,0,True,True,False,True,True,False
F-admin_down-s1-s3-s3002-r1,30,1,10,256.50939768591934,2,8,0,True,True,False,True,True,False
F-admin_down-s1-s3-s3002-r1,31,1,10,257.77488792578043,2,8,0,True,True,False,True,True,False
F-admin_down-s1-s3-s3002-r1,32,1,10,259.90789953032305,2,8,0,True,True,False,True,True,False
F-admin_down-s1-s3-s3002-r1,33,1,10,260.7359779803187,2,8,0,True,True,False,True,True,False
F-admin_down-s1-s3-s3002-r1,34,1,10,259.8006173394846,2,8,0,True,True,False,True,True,False
F-admin_down-s1-s3-s3002-r1,35,1,10,258.92255222717984,2,8,0,True,True,False,True,True,False
F-admin_down-s1-s3-s3002-r1,36,1,10,259.6809739236704,2,8,0,True,True,False,True,True,False
F-admin_down-s1-s3-s3002-r1,37,1,10,260.94796718134955,2,8,0,True,True,False,True,True,False
F-admin_down-s1-s3-s3002-r1,38,1,10,259.7560556507873,2,8,0,True,True,False,True,True,False
F-admin_down-s1-s3-s3002-r1,39,1,10,260.0686360890666,2,8,0,True,True,False,True,True,False
F-admin_down-s1-s3-s3002-r1,40,1,10,258.4406206611504,2,8,0,True,True,False,True,True,False
F-admin_down-s1-s3-s3002-r1,41,0,5,40.6416338065765,0,5,0,True,True,False,True,False,False
F-admin_down-s1-s3-s3002-r1,42,0,0,0.0,0,0,0,True,True,False,False,False,False
F-admin_down-s1-s3-s3002-r1,43,0,0,0.0,0,0,0,True,True,False,False,False,False
F-admin_down-s1-s3-s3002-r1,44,0,0,0.0,0,0,0,True,True,False,False,False,False
F-admin_down-s1-s3-s3002-r1,45,0,0,0.0,0,0,0,True,True,False,False,False,False
F-admin_down-s1-s3-s3002-r1,46,0,0,0.0,0,0,0,True,True,False,False,False,False
F-admin_down-s1-s3-s3002-r1,47,0,0,0.0,0,0,0,True,True,False,False,False,False
F-admin_down-s1-s3-s3002-r1,48,0,0,0.0,0,0,0,True,True,False,False,False,False
F-admin_down-s1-s3-s3002-r1,49,0,0,0.0,0,0,0,True,True,False,False,False,False
F-admin_down-s1-s3-s3002-r1,50,0,0,0.0,0,0,0,True,True,False,False,False,False
F-admin_down-s1-s3-s3002-r1,51,0,0,0.0,0,0,0,True,True,False,False,False,False
F-admin_down-s1-s3-s3002-r1,52,0,0,0.0,0,0,0,True,True,False,False,False,False
F-admin_down-s1-s3-s3002-r1,53,0,0,0.0,0,0,0,True,True,False,False,False,False
F-admin_down-s1-s3-s3002-r1,54,0,0,0.0,0,0,0,True,True,False,False,False,False
F-admin_down-s1-s3-s3002-r1,55,0,0,0.0,0,0,0,True,True,False,False,False,False
F-admin_down-s1-s3-s3002-r1,56,0,0,0.0,0,0,0,True,True,False,False,False,False
F-admin_down-s1-s3-s3002-r1,57,0,0,0.0,0,0,0,True,True,False,False,False,False
F-admin_down-s1-s3-s3002-r1,58,0,0,0.0,0,0,0,True,True,False,False,False,False
F-admin_down-s1-s3-s3002-r1,59,0,0,0.0,0,0,0,True,True,False,False,False,False
F-degrade-s1-s2-s3003-r1,1,0,0,0.0,0,0,0,True,True,False,False,False,False
F-degrade-s1-s2-s3003-r1,2,0,0,0.0,0,0,0,True,True,False,False,False,False
F-degrade-s1-s2-s3003-r1,3,0,0,0.0,0,0,0,True,True,False,False,False,False
F-degrade-s1-s2-s3003-r1,4,0,0,0.0,0,0,0,True,True,False,False,False,False
F-degrade-s1-s2-s3003-r1,5,0,0,0.0,0,0,0,True,True,False,False,False,False
F-degrade-s1-s2-s3003-r1,6,0,0,0.0,0,0,0,True,True,False,False,False,False
F-degrade-s1-s2-s3003-r1,7,0,0,0.0,0,0,0,True,True,False,False,False,False
F-degrade-s1-s2-s3003-r1,8,0,0,0.0,0,0,0,True,True,False,False,False,False
F-degrade-s1-s2-s3003-r1,9,0,0,0.0,0,0,0,True,True,False,False,False,False
F-degrade-s1-s2-s3003-r1,10,0,0,0.0,0,0,0,True,True,False,False,False,False
F-degrade-s1-s2-s3003-r1,11,0,0,0.0,0,0,0,True,True,False,False,False,False
F-degrade-s1-s2-s3003-r1,12,0,0,0.0,0,0,0,True,True,False,False,False,False
F-degrade-s1-s2-s3003-r1,13,0,0,0.0,0,0,0,True,True,False,False,False,False
F-degrade-s1-s2-s3003-r1,14,0,0,0.0,0,0,0,True,True,False,False,False,False
F-degrade-s1-s2-s3003-r1,15,0,0,0.0,0,0,0,True,True,False,False,False,False
F-degrade-s1-s2-s3003-r1,16,0,0,0.0,0,0,0,True,True,False,False,False,False
F-degrade-s1-s2-s3003-r1,17,0,0,0.0,0,0,0,True,True,False,False,False,False
F-degrade-s1-s2-s3003-r1,18,0,0,0.0,0,0,0,True,True,False,False,False,False
F-degrade-s1-s2-s3003-r1,19,0,0,0.0,0,0,0,True,True,False,False,False,False
F-degrade-s1-s2-s3003-r1,20,0,0,0.0,0,0,0,True,True,False,False,False,False
F-degrade-s1-s2-s3003-r1,21,1,0,0.0,0,0,0,False,False,False,False,False,False
F-degrade-s1-s2-s3003-r1,22,1,0,0.0,0,0,0,True,True,False,False,False,False
F-degrade-s1-s2-s3003-r1,23,1,0,0.0,0,0,0,True,True,False,False,False,False
F-degrade-s1-s2-s3003-r1,24,1,0,0.0,0,0,0,True,True,False,False,False,False
F-degrade-s1-s2-s3003-r1,25,1,0,0.0,0,0,0,True,True,False,False,False,False
F-degrade-s1-s2-s3003-r1,26,1,0,0.0,0,0,0,True,True,False,False,False,False
F-degrade-s1-s2-s3003-r1,27,1,0,0.0,0,0,0,True,True,False,False,False,False
F-degrade-s1-s2-s3003-r1,28,1,0,0.0,0,0,0,True,True,False,False,False,False
F-degrade-s1-s2-s3003-r1,29,1,0,0.0,0,0,0,True,True,False,False,False,False
F-degrade-s1-s2-s3003-r1,30,1,0,0.0,0,0,0,True,True,False,False,False,False
F-degrade-s1-s2-s3003-r1,31,1,0,0.0,0,0,0,True,True,False,False,False,False
F-degrade-s1-s2-s3003-r1,32,1,0,0.0,0,0,0,True,True,False,False,False,False
F-degrade-s1-s2-s3003-r1,33,1,0,0.0,0,0,0,True,True,False,False,False,False
F-degrade-s1-s2-s3003-r1,34,1,0,0.0,0,0,0,True,True,False,False,False,False
F-degrade-s1-s2-s3003-r1,35,1,0,0.0,0,0,0,True,True,False,False,False,False
F-degrade-s1-s2-s3003-r1,36,1,0,0.0,0,0,0,True,True,False,False,False,False
F-degrade-s1-s2-s3003-r1,37,1,0,0.0,0,0,0,True,True,False,False,False,False
F-degrade-s1-s2-s3003-r1,38,1,0,0.0,0,0,0,True,True,False,False,False,False
F-degrade-s1-s2-s3003-r1,39,1,0,0.0,0,0,0,True,True,False,False,False,False
F-degrade-s1-s2-s3003-r1,40,1,0,0.0,0,0,0,True,True,False,False,False,False
F-degrade-s1-s2-s3003-r1,41,0,18,14.66576067329229,0,18,0,False,False,False,False,False,False
F-degrade-s1-s2-s3003-r1,42,0,14,16.04531898578752,0,14,0,True,True,False,True,False,False
F-degrade-s1-s2-s3003-r1,43,0,0,0.0,0,0,0,True,True,False,False,False,False
F-degrade-s1-s2-s3003-r1,44,0,0,0.0,0,0,0,True,True,False,False,False,False
F-degrade-s1-s2-s3003-r1,45,0,0,0.0,0,0,0,True,True,False,False,False,False
F-degrade-s1-s2-s3003-r1,46,0,0,0.0,0,0,0,True,True,False,False,False,False
F-degrade-s1-s2-s3003-r1,47,0,0,0.0,0,0,0,True,True,False,False,False,False
F-degrade-s1-s2-s3003-r1,48,0,0,0.0,0,0,0,True,True,False,False,False,False
F-degrade-s1-s2-s3003-r1,49,0,0,0.0,0,0,0,True,True,False,False,False,False
F-degrade-s1-s2-s3003-r1,50,0,0,0.0,0,0,0,True,True,False,False,False,False
F-degrade-s1-s2-s3003-r1,51,0,0,0.0,0,0,0,True,True,False,False,False,False
F-degrade-s1-s2-s3003-r1,52,0,0,0.0,0,0,0,True,True,False,False,False,False
F-degrade-s1-s2-s3003-r1,53,0,0,0.0,0,0,0,True,True,False,False,False,False
F-degrade-s1-s2-s3003-r1,54,0,0,0.0,0,0,0,True,True,False,False,False,False
F-degrade-s1-s2-s3003-r1,55,0,0,0.0,0,0,0,True,True,False,False,False,False
F-degrade-s1-s2-s3003-r1,56,0,0,0.0,0,0,0,True,True,False,False,False,False
F-degrade-s1-s2-s3003-r1,57,0,0,0.0,0,0,0,True,True,False,False,False,False
F-degrade-s1-s2-s3003-r1,58,0,0,0.0,0,0,0,True,True,False,False,False,False
F-degrade-s1-s2-s3003-r1,59,0,0,0.0,0,0,0,True,True,False,False,False,False
F-degrade-s2-s3-s3004-r1,1,0,1,0.0005958195006153681,0,1,0,True,True,False,False,False,False
F-degrade-s2-s3-s3004-r1,2,0,0,0.0,0,0,0,True,True,False,False,False,False
F-degrade-s2-s3-s3004-r1,3,0,0,0.0,0,0,0,True,True,False,False,False,False
F-degrade-s2-s3-s3004-r1,4,0,0,0.0,0,0,0,True,True,False,False,False,False
F-degrade-s2-s3-s3004-r1,5,0,0,0.0,0,0,0,True,True,False,False,False,False
F-degrade-s2-s3-s3004-r1,6,0,0,0.0,0,0,0,True,True,False,False,False,False
F-degrade-s2-s3-s3004-r1,7,0,0,0.0,0,0,0,True,True,False,False,False,False
F-degrade-s2-s3-s3004-r1,8,0,0,0.0,0,0,0,True,True,False,False,False,False
F-degrade-s2-s3-s3004-r1,9,0,0,0.0,0,0,0,True,True,False,False,False,False
F-degrade-s2-s3-s3004-r1,10,0,0,0.0,0,0,0,True,True,False,False,False,False
F-degrade-s2-s3-s3004-r1,11,0,0,0.0,0,0,0,True,True,False,False,False,False
F-degrade-s2-s3-s3004-r1,12,0,0,0.0,0,0,0,True,True,False,False,False,False
F-degrade-s2-s3-s3004-r1,13,0,0,0.0,0,0,0,True,True,False,False,False,False
F-degrade-s2-s3-s3004-r1,14,0,0,0.0,0,0,0,True,True,False,False,False,False
F-degrade-s2-s3-s3004-r1,15,0,0,0.0,0,0,0,True,True,False,False,False,False
F-degrade-s2-s3-s3004-r1,16,0,0,0.0,0,0,0,True,True,False,False,False,False
F-degrade-s2-s3-s3004-r1,17,0,0,0.0,0,0,0,True,True,False,False,False,False
F-degrade-s2-s3-s3004-r1,18,0,0,0.0,0,0,0,True,True,False,False,False,False
F-degrade-s2-s3-s3004-r1,19,0,0,0.0,0,0,0,True,True,False,False,False,False
F-degrade-s2-s3-s3004-r1,20,0,0,0.0,0,0,0,True,True,False,False,False,False
F-degrade-s2-s3-s3004-r1,21,1,2,41.2927511007703,0,2,0,False,False,False,False,False,False
F-degrade-s2-s3-s3004-r1,22,1,4,55.95721610687859,0,4,0,True,True,False,True,False,False
F-degrade-s2-s3-s3004-r1,23,1,5,55.84262426974883,0,5,0,True,True,False,True,False,False
F-degrade-s2-s3-s3004-r1,24,1,5,55.85647933262521,0,5,0,True,True,False,True,False,False
F-degrade-s2-s3-s3004-r1,25,1,4,55.966158918634996,0,4,0,True,True,False,True,False,False
F-degrade-s2-s3-s3004-r1,26,1,5,56.433051417759515,0,5,0,True,True,False,True,False,False
F-degrade-s2-s3-s3004-r1,27,1,4,55.86335406197842,0,4,0,True,True,False,True,False,False
F-degrade-s2-s3-s3004-r1,28,1,5,55.821712062840106,0,5,0,True,True,False,True,False,False
F-degrade-s2-s3-s3004-r1,29,1,5,56.44252408309382,0,5,0,True,True,False,True,False,False
F-degrade-s2-s3-s3004-r1,30,1,5,55.83322762412831,0,5,0,True,True,False,True,False,False
F-degrade-s2-s3-s3004-r1,31,1,9,514.2347194006685,4,5,1,True,True,False,True,True,True
F-degrade-s2-s3-s3004-r1,32,1,9,742.8068949201141,4,5,1,True,True,False,True,True,True
F-degrade-s2-s3-s3004-r1,33,1,9,746.7010084024986,4,5,1,True,True,False,True,True,True
F-degrade-s2-s3-s3004-r1,34,1,8,738.9606150061588,4,4,1,True,True,False,True,True,True
F-degrade-s2-s3-s3004-r1,35,1,10,740.3788650197835,4,6,1,True,True,False,True,True,True
F-degrade-s2-s3-s3004-r1,36,1,8,742.8433101960801,4,4,1,True,True,False,True,True,True
F-degrade-s2-s3-s3004-r1,37,1,9,746.703731106812,4,5,1,True,True,False,True,True,True
F-degrade-s2-s3-s3004-r1,38,1,9,738.9269124817506,4,5,1,True,True,False,True,True,True
F-degrade-s2-s3-s3004-r1,39,1,9,743.2090665653855,4,5,1,True,True,False,True,True,True
F-degrade-s2-s3-s3004-r1,40,1,9,746.3185458393104,4,5,1,True,True,False,True,True,True
F-degrade-s2-s3-s3004-r1,41,0,1,0.2330670000000042,0,1,0,False,False,False,False,False,False
F-degrade-s2-s3-s3004-r1,42,0,0,0.0,0,0,0,True,True,False,False,False,False
F-degrade-s2-s3-s3004-r1,43,0,0,0.0,0,0,0,True,True,False,False,False,False
F-degrade-s2-s3-s3004-r1,44,0,0,0.0,0,0,0,True,True,False,False,False,False
F-degrade-s2-s3-s3004-r1,45,0,0,0.0,0,0,0,True,True,False,False,False,False
F-degrade-s2-s3-s3004-r1,46,0,0,0.0,0,0,0,True,True,False,False,False,False
F-degrade-s2-s3-s3004-r1,47,0,0,0.0,0,0,0,True,True,False,False,False,False
F-degrade-s2-s3-s3004-r1,48,0,0,0.0,0,0,0,True,True,False,False,False,False
F-degrade-s2-s3-s3004-r1,49,0,0,0.0,0,0,0,True,True,False,False,False,False
F-degrade-s2-s3-s3004-r1,50,0,0,0.0,0,0,0,True,True,False,False,False,False
F-degrade-s2-s3-s3004-r1,51,0,0,0.0,0,0,0,True,True,False,False,False,False
F-degrade-s2-s3-s3004-r1,52,0,0,0.0,0,0,0,True,True,False,False,False,False
F-degrade-s2-s3-s3004-r1,53,0,0,0.0,0,0,0,True,True,False,False,False,False
F-degrade-s2-s3-s3004-r1,54,0,0,0.0,0,0,0,True,True,False,False,False,False
F-degrade-s2-s3-s3004-r1,55,0,0,0.0,0,0,0,True,True,False,False,False,False
F-degrade-s2-s3-s3004-r1,56,0,0,0.0,0,0,0,True,True,False,False,False,False
F-degrade-s2-s3-s3004-r1,57,0,0,0.0,0,0,0,True,True,False,False,False,False
F-degrade-s2-s3-s3004-r1,58,0,0,0.0,0,0,0,True,True,False,False,False,False
F-degrade-s2-s3-s3004-r1,59,0,0,0.0,0,0,0,True,True,False,False,False,False
F-flood-h1_to_srv1-s3005-r1,1,0,0,0.0,0,0,0,True,True,False,False,False,False
F-flood-h1_to_srv1-s3005-r1,2,0,0,0.0,0,0,0,True,True,False,False,False,False
F-flood-h1_to_srv1-s3005-r1,3,0,0,0.0,0,0,0,True,True,False,False,False,False
F-flood-h1_to_srv1-s3005-r1,4,0,0,0.0,0,0,0,True,True,False,False,False,False
F-flood-h1_to_srv1-s3005-r1,5,0,0,0.0,0,0,0,True,True,False,False,False,False
F-flood-h1_to_srv1-s3005-r1,6,0,0,0.0,0,0,0,True,True,False,False,False,False
F-flood-h1_to_srv1-s3005-r1,7,0,0,0.0,0,0,0,True,True,False,False,False,False
F-flood-h1_to_srv1-s3005-r1,8,0,0,0.0,0,0,0,True,True,False,False,False,False
F-flood-h1_to_srv1-s3005-r1,9,0,0,0.0,0,0,0,True,True,False,False,False,False
F-flood-h1_to_srv1-s3005-r1,10,0,0,0.0,0,0,0,True,True,False,False,False,False
F-flood-h1_to_srv1-s3005-r1,11,0,0,0.0,0,0,0,True,True,False,False,False,False
F-flood-h1_to_srv1-s3005-r1,12,0,0,0.0,0,0,0,True,True,False,False,False,False
F-flood-h1_to_srv1-s3005-r1,13,0,0,0.0,0,0,0,True,True,False,False,False,False
F-flood-h1_to_srv1-s3005-r1,14,0,0,0.0,0,0,0,True,True,False,False,False,False
F-flood-h1_to_srv1-s3005-r1,15,0,0,0.0,0,0,0,True,True,False,False,False,False
F-flood-h1_to_srv1-s3005-r1,16,0,0,0.0,0,0,0,True,True,False,False,False,False
F-flood-h1_to_srv1-s3005-r1,17,0,0,0.0,0,0,0,True,True,False,False,False,False
F-flood-h1_to_srv1-s3005-r1,18,0,0,0.0,0,0,0,True,True,False,False,False,False
F-flood-h1_to_srv1-s3005-r1,19,0,0,0.0,0,0,0,True,True,False,False,False,False
F-flood-h1_to_srv1-s3005-r1,20,0,0,0.0,0,0,0,True,True,False,False,False,False
F-flood-h1_to_srv1-s3005-r1,21,1,10,185.09097037852217,4,6,1,True,True,False,True,True,True
F-flood-h1_to_srv1-s3005-r1,22,1,14,2225.329354027234,4,10,1,True,True,False,True,True,True
F-flood-h1_to_srv1-s3005-r1,23,1,14,2227.3372919861954,4,10,1,True,True,False,True,True,True
F-flood-h1_to_srv1-s3005-r1,24,1,14,2218.170793683246,4,10,1,True,True,False,True,True,True
F-flood-h1_to_srv1-s3005-r1,25,1,14,2213.5077813198523,4,10,1,True,True,False,True,True,True
F-flood-h1_to_srv1-s3005-r1,26,1,14,2229.4391453869803,4,10,1,True,True,False,True,True,True
F-flood-h1_to_srv1-s3005-r1,27,1,16,2408.0241348677932,6,10,2,True,True,False,True,True,True
F-flood-h1_to_srv1-s3005-r1,28,1,16,2324.152571275057,6,10,2,True,True,False,True,True,True
F-flood-h1_to_srv1-s3005-r1,29,1,16,2207.735843305156,6,10,2,True,True,False,True,True,True
F-flood-h1_to_srv1-s3005-r1,30,1,16,2225.185086328369,6,10,2,True,True,False,True,True,True
F-flood-h1_to_srv1-s3005-r1,31,1,16,2215.9916177090904,6,10,2,True,True,False,True,True,True
F-flood-h1_to_srv1-s3005-r1,32,1,16,2210.467403950893,6,10,2,True,True,False,True,True,True
F-flood-h1_to_srv1-s3005-r1,33,1,16,2222.420506586338,6,10,2,True,True,False,True,True,True
F-flood-h1_to_srv1-s3005-r1,34,1,16,2227.5110199699257,6,10,2,True,True,False,True,True,True
F-flood-h1_to_srv1-s3005-r1,35,1,16,2221.97021597192,6,10,2,True,True,False,True,True,True
F-flood-h1_to_srv1-s3005-r1,36,1,16,2230.017293892995,6,10,2,True,True,False,True,True,True
F-flood-h1_to_srv1-s3005-r1,37,1,16,2219.0778162903835,6,10,2,True,True,False,True,True,True
F-flood-h1_to_srv1-s3005-r1,38,1,16,2207.967669508136,6,10,2,True,True,False,True,True,True
F-flood-h1_to_srv1-s3005-r1,39,1,16,2225.1812952589885,6,10,2,True,True,False,True,True,True
F-flood-h1_to_srv1-s3005-r1,40,1,14,2222.9017791574483,4,10,1,True,True,False,True,True,True
F-flood-h1_to_srv1-s3005-r1,41,0,15,195.5409331553949,6,9,2,True,True,False,True,True,True
F-flood-h1_to_srv1-s3005-r1,42,0,14,12.366789328714681,0,14,0,True,True,False,True,False,False
F-flood-h1_to_srv1-s3005-r1,43,0,15,25.342233551806498,0,15,0,True,True,False,True,False,False
F-flood-h1_to_srv1-s3005-r1,44,0,15,23.356328331753417,0,15,0,True,True,False,True,False,False
F-flood-h1_to_srv1-s3005-r1,45,0,16,17.449439988331356,0,16,0,True,True,False,True,False,False
F-flood-h1_to_srv1-s3005-r1,46,0,15,22.250012072044413,0,15,0,True,True,False,True,False,False
F-flood-h1_to_srv1-s3005-r1,47,0,14,12.034839950387244,0,14,0,True,True,False,True,False,False
F-flood-h1_to_srv1-s3005-r1,48,0,0,0.0,0,0,0,True,True,False,False,False,False
F-flood-h1_to_srv1-s3005-r1,49,0,0,0.0,0,0,0,True,True,False,False,False,False
F-flood-h1_to_srv1-s3005-r1,50,0,0,0.0,0,0,0,True,True,False,False,False,False
F-flood-h1_to_srv1-s3005-r1,51,0,0,0.0,0,0,0,True,True,False,False,False,False
F-flood-h1_to_srv1-s3005-r1,52,0,0,0.0,0,0,0,True,True,False,False,False,False
F-flood-h1_to_srv1-s3005-r1,53,0,0,0.0,0,0,0,True,True,False,False,False,False
F-flood-h1_to_srv1-s3005-r1,54,0,0,0.0,0,0,0,True,True,False,False,False,False
F-flood-h1_to_srv1-s3005-r1,55,0,0,0.0,0,0,0,True,True,False,False,False,False
F-flood-h1_to_srv1-s3005-r1,56,0,0,0.0,0,0,0,True,True,False,False,False,False
F-flood-h1_to_srv1-s3005-r1,57,0,2,0.0022930111119140585,0,2,0,True,True,False,False,False,False
F-flood-h1_to_srv1-s3005-r1,58,0,0,0.0,0,0,0,True,True,False,False,False,False
F-flood-h1_to_srv1-s3005-r1,59,0,0,0.0,0,0,0,True,True,False,False,False,False
F-flood-h2_to_srv2-s3006-r1,1,0,0,0.0,0,0,0,True,True,False,False,False,False
F-flood-h2_to_srv2-s3006-r1,2,0,0,0.0,0,0,0,True,True,False,False,False,False
F-flood-h2_to_srv2-s3006-r1,3,0,0,0.0,0,0,0,True,True,False,False,False,False
F-flood-h2_to_srv2-s3006-r1,4,0,0,0.0,0,0,0,True,True,False,False,False,False
F-flood-h2_to_srv2-s3006-r1,5,0,0,0.0,0,0,0,True,True,False,False,False,False
F-flood-h2_to_srv2-s3006-r1,6,0,0,0.0,0,0,0,True,True,False,False,False,False
F-flood-h2_to_srv2-s3006-r1,7,0,0,0.0,0,0,0,True,True,False,False,False,False
F-flood-h2_to_srv2-s3006-r1,8,0,0,0.0,0,0,0,True,True,False,False,False,False
F-flood-h2_to_srv2-s3006-r1,9,0,0,0.0,0,0,0,True,True,False,False,False,False
F-flood-h2_to_srv2-s3006-r1,10,0,0,0.0,0,0,0,True,True,False,False,False,False
F-flood-h2_to_srv2-s3006-r1,11,0,0,0.0,0,0,0,True,True,False,False,False,False
F-flood-h2_to_srv2-s3006-r1,12,0,0,0.0,0,0,0,True,True,False,False,False,False
F-flood-h2_to_srv2-s3006-r1,13,0,0,0.0,0,0,0,True,True,False,False,False,False
F-flood-h2_to_srv2-s3006-r1,14,0,0,0.0,0,0,0,True,True,False,False,False,False
F-flood-h2_to_srv2-s3006-r1,15,0,0,0.0,0,0,0,True,True,False,False,False,False
F-flood-h2_to_srv2-s3006-r1,16,0,0,0.0,0,0,0,True,True,False,False,False,False
F-flood-h2_to_srv2-s3006-r1,17,0,0,0.0,0,0,0,True,True,False,False,False,False
F-flood-h2_to_srv2-s3006-r1,18,0,0,0.0,0,0,0,True,True,False,False,False,False
F-flood-h2_to_srv2-s3006-r1,19,0,0,0.0,0,0,0,True,True,False,False,False,False
F-flood-h2_to_srv2-s3006-r1,20,0,0,0.0,0,0,0,True,True,False,False,False,False
F-flood-h2_to_srv2-s3006-r1,21,1,9,11.355861861072851,0,9,0,True,True,False,True,False,False
F-flood-h2_to_srv2-s3006-r1,22,1,19,893.2584855874161,4,15,1,True,True,False,True,True,True
F-flood-h2_to_srv2-s3006-r1,23,1,19,1293.1375388168321,4,15,1,True,True,False,True,True,True
F-flood-h2_to_srv2-s3006-r1,24,1,19,1288.3986449151876,4,15,1,True,True,False,True,True,True
F-flood-h2_to_srv2-s3006-r1,25,1,19,1297.4992118228802,4,15,1,True,True,False,True,True,True
F-flood-h2_to_srv2-s3006-r1,26,1,21,1312.587467945306,6,15,2,True,True,False,True,True,True
F-flood-h2_to_srv2-s3006-r1,27,1,21,1569.7563752060994,6,15,2,True,True,False,True,True,True
F-flood-h2_to_srv2-s3006-r1,28,1,21,1572.8702826972371,6,15,2,True,True,False,True,True,True
F-flood-h2_to_srv2-s3006-r1,29,1,21,1568.338272085501,6,15,2,True,True,False,True,True,True
F-flood-h2_to_srv2-s3006-r1,30,1,21,1568.3590563093744,6,15,2,True,True,False,True,True,True
F-flood-h2_to_srv2-s3006-r1,31,1,21,1571.9780135055016,6,15,2,True,True,False,True,True,True
F-flood-h2_to_srv2-s3006-r1,32,1,21,1562.7286716864035,6,15,2,True,True,False,True,True,True
F-flood-h2_to_srv2-s3006-r1,33,1,21,1574.293452198443,6,15,2,True,True,False,True,True,True
F-flood-h2_to_srv2-s3006-r1,34,1,21,1575.271157446872,6,15,2,True,True,False,True,True,True
F-flood-h2_to_srv2-s3006-r1,35,1,21,1571.4869443758264,6,15,2,True,True,False,True,True,True
F-flood-h2_to_srv2-s3006-r1,36,1,21,1572.950575417539,6,15,2,True,True,False,True,True,True
F-flood-h2_to_srv2-s3006-r1,37,1,21,1582.8465077846768,6,15,2,True,True,False,True,True,True
F-flood-h2_to_srv2-s3006-r1,38,1,22,1557.9869315426192,6,16,2,True,True,False,True,True,True
F-flood-h2_to_srv2-s3006-r1,39,1,21,1580.4928296391013,6,15,2,True,True,False,True,True,True
F-flood-h2_to_srv2-s3006-r1,40,1,21,1568.7080050274458,6,15,2,True,True,False,True,True,True
F-flood-h2_to_srv2-s3006-r1,41,0,16,281.6412498094901,6,10,2,True,True,False,True,True,True
F-flood-h2_to_srv2-s3006-r1,42,0,15,15.911425381950966,0,15,0,True,True,False,True,False,False
F-flood-h2_to_srv2-s3006-r1,43,0,15,38.44829544406351,0,15,0,True,True,False,True,False,False
F-flood-h2_to_srv2-s3006-r1,44,0,15,38.48251266430821,0,15,0,True,True,False,True,False,False
F-flood-h2_to_srv2-s3006-r1,45,0,14,11.40777267118501,0,14,0,True,True,False,True,False,False
F-flood-h2_to_srv2-s3006-r1,46,0,0,0.0,0,0,0,True,True,False,False,False,False
F-flood-h2_to_srv2-s3006-r1,47,0,0,0.0,0,0,0,True,True,False,False,False,False
F-flood-h2_to_srv2-s3006-r1,48,0,0,0.0,0,0,0,True,True,False,False,False,False
F-flood-h2_to_srv2-s3006-r1,49,0,0,0.0,0,0,0,True,True,False,False,False,False
F-flood-h2_to_srv2-s3006-r1,50,0,0,0.0,0,0,0,True,True,False,False,False,False
F-flood-h2_to_srv2-s3006-r1,51,0,0,0.0,0,0,0,True,True,False,False,False,False
F-flood-h2_to_srv2-s3006-r1,52,0,0,0.0,0,0,0,True,True,False,False,False,False
F-flood-h2_to_srv2-s3006-r1,53,0,0,0.0,0,0,0,True,True,False,False,False,False
F-flood-h2_to_srv2-s3006-r1,54,0,0,0.0,0,0,0,True,True,False,False,False,False
F-flood-h2_to_srv2-s3006-r1,55,0,0,0.0,0,0,0,True,True,False,False,False,False
F-flood-h2_to_srv2-s3006-r1,56,0,0,0.0,0,0,0,True,True,False,False,False,False
F-flood-h2_to_srv2-s3006-r1,57,0,0,0.0,0,0,0,True,True,False,False,False,False
F-flood-h2_to_srv2-s3006-r1,58,0,0,0.0,0,0,0,True,True,False,False,False,False
F-flood-h2_to_srv2-s3006-r1,59,0,0,0.0,0,0,0,True,True,False,False,False,False
F-shift-s1-s2-s3007-r1,1,0,0,0.0,0,0,0,True,True,False,False,False,False
F-shift-s1-s2-s3007-r1,2,0,0,0.0,0,0,0,True,True,False,False,False,False
F-shift-s1-s2-s3007-r1,3,0,0,0.0,0,0,0,True,True,False,False,False,False
F-shift-s1-s2-s3007-r1,4,0,0,0.0,0,0,0,True,True,False,False,False,False
F-shift-s1-s2-s3007-r1,5,0,0,0.0,0,0,0,True,True,False,False,False,False
F-shift-s1-s2-s3007-r1,6,0,0,0.0,0,0,0,True,True,False,False,False,False
F-shift-s1-s2-s3007-r1,7,0,0,0.0,0,0,0,True,True,False,False,False,False
F-shift-s1-s2-s3007-r1,8,0,0,0.0,0,0,0,True,True,False,False,False,False
F-shift-s1-s2-s3007-r1,9,0,0,0.0,0,0,0,True,True,False,False,False,False
F-shift-s1-s2-s3007-r1,10,0,0,0.0,0,0,0,True,True,False,False,False,False
F-shift-s1-s2-s3007-r1,11,0,0,0.0,0,0,0,True,True,False,False,False,False
F-shift-s1-s2-s3007-r1,12,0,0,0.0,0,0,0,True,True,False,False,False,False
F-shift-s1-s2-s3007-r1,13,0,0,0.0,0,0,0,True,True,False,False,False,False
F-shift-s1-s2-s3007-r1,14,0,0,0.0,0,0,0,True,True,False,False,False,False
F-shift-s1-s2-s3007-r1,15,0,0,0.0,0,0,0,True,True,False,False,False,False
F-shift-s1-s2-s3007-r1,16,0,0,0.0,0,0,0,True,True,False,False,False,False
F-shift-s1-s2-s3007-r1,17,0,0,0.0,0,0,0,True,True,False,False,False,False
F-shift-s1-s2-s3007-r1,18,0,0,0.0,0,0,0,True,True,False,False,False,False
F-shift-s1-s2-s3007-r1,19,0,0,0.0,0,0,0,True,True,False,False,False,False
F-shift-s1-s2-s3007-r1,20,0,0,0.0,0,0,0,True,True,False,False,False,False
F-shift-s1-s2-s3007-r1,21,1,6,176.5742922382668,0,6,0,False,False,False,False,False,False
F-shift-s1-s2-s3007-r1,22,1,11,2069.9308381038445,4,7,1,True,True,False,True,True,True
F-shift-s1-s2-s3007-r1,23,1,11,2357.2204596884517,4,7,1,True,True,False,True,True,True
F-shift-s1-s2-s3007-r1,24,1,13,2769.8221438795244,6,7,2,True,True,False,True,True,True
F-shift-s1-s2-s3007-r1,25,1,13,2904.264762020241,6,7,2,True,True,False,True,True,True
F-shift-s1-s2-s3007-r1,26,1,13,2929.3056634368695,6,7,2,True,True,False,True,True,True
F-shift-s1-s2-s3007-r1,27,1,13,2913.8531190751246,6,7,2,True,True,False,True,True,True
F-shift-s1-s2-s3007-r1,28,1,13,2919.0554881117346,6,7,2,True,True,False,True,True,True
F-shift-s1-s2-s3007-r1,29,1,13,2919.6488640856933,6,7,2,True,True,False,True,True,True
F-shift-s1-s2-s3007-r1,30,1,13,2908.3376213996185,6,7,2,True,True,False,True,True,True
F-shift-s1-s2-s3007-r1,31,1,13,2911.409407281386,6,7,2,True,True,False,True,True,True
F-shift-s1-s2-s3007-r1,32,1,13,2901.8179988098427,6,7,2,True,True,False,True,True,True
F-shift-s1-s2-s3007-r1,33,1,13,2930.777187204177,6,7,2,True,True,False,True,True,True
F-shift-s1-s2-s3007-r1,34,1,13,2914.2206688172096,6,7,2,True,True,False,True,True,True
F-shift-s1-s2-s3007-r1,35,1,13,2912.562727254399,6,7,2,True,True,False,True,True,True
F-shift-s1-s2-s3007-r1,36,1,13,2919.216510668324,6,7,2,True,True,False,True,True,True
F-shift-s1-s2-s3007-r1,37,1,13,2914.7154934194414,6,7,2,True,True,False,True,True,True
F-shift-s1-s2-s3007-r1,38,1,13,2899.926751336049,6,7,2,True,True,False,True,True,True
F-shift-s1-s2-s3007-r1,39,1,13,2902.2567299309467,6,7,2,True,True,False,True,True,True
F-shift-s1-s2-s3007-r1,40,1,13,2916.8442647670754,6,7,2,True,True,False,True,True,True
F-shift-s1-s2-s3007-r1,41,0,27,1850.688440980624,6,21,2,False,False,False,False,False,False
F-shift-s1-s2-s3007-r1,42,0,23,165.92307782263276,0,23,0,True,True,False,True,False,False
F-shift-s1-s2-s3007-r1,43,0,18,162.90207995536105,0,18,0,True,True,False,True,False,False
F-shift-s1-s2-s3007-r1,44,0,3,140.7238867788865,0,3,0,True,True,False,True,False,False
F-shift-s1-s2-s3007-r1,45,0,3,131.11307433112813,0,3,0,True,True,False,True,False,False
F-shift-s1-s2-s3007-r1,46,0,0,0.0,0,0,0,True,True,False,False,False,False
F-shift-s1-s2-s3007-r1,47,0,0,0.0,0,0,0,True,True,False,False,False,False
F-shift-s1-s2-s3007-r1,48,0,0,0.0,0,0,0,True,True,False,False,False,False
F-shift-s1-s2-s3007-r1,49,0,0,0.0,0,0,0,True,True,False,False,False,False
F-shift-s1-s2-s3007-r1,50,0,0,0.0,0,0,0,True,True,False,False,False,False
F-shift-s1-s2-s3007-r1,51,0,0,0.0,0,0,0,True,True,False,False,False,False
F-shift-s1-s2-s3007-r1,52,0,0,0.0,0,0,0,True,True,False,False,False,False
F-shift-s1-s2-s3007-r1,53,0,0,0.0,0,0,0,True,True,False,False,False,False
F-shift-s1-s2-s3007-r1,54,0,0,0.0,0,0,0,True,True,False,False,False,False
F-shift-s1-s2-s3007-r1,55,0,0,0.0,0,0,0,True,True,False,False,False,False
F-shift-s1-s2-s3007-r1,56,0,0,0.0,0,0,0,True,True,False,False,False,False
F-shift-s1-s2-s3007-r1,57,0,0,0.0,0,0,0,True,True,False,False,False,False
F-shift-s1-s2-s3007-r1,58,0,0,0.0,0,0,0,True,True,False,False,False,False
F-shift-s1-s2-s3007-r1,59,0,0,0.0,0,0,0,True,True,False,False,False,False
F-shift-s1-s3-s3008-r1,1,0,0,0.0,0,0,0,True,True,False,False,False,False
F-shift-s1-s3-s3008-r1,2,0,0,0.0,0,0,0,True,True,False,False,False,False
F-shift-s1-s3-s3008-r1,3,0,0,0.0,0,0,0,True,True,False,False,False,False
F-shift-s1-s3-s3008-r1,4,0,0,0.0,0,0,0,True,True,False,False,False,False
F-shift-s1-s3-s3008-r1,5,0,0,0.0,0,0,0,True,True,False,False,False,False
F-shift-s1-s3-s3008-r1,6,0,0,0.0,0,0,0,True,True,False,False,False,False
F-shift-s1-s3-s3008-r1,7,0,0,0.0,0,0,0,True,True,False,False,False,False
F-shift-s1-s3-s3008-r1,8,0,0,0.0,0,0,0,True,True,False,False,False,False
F-shift-s1-s3-s3008-r1,9,0,0,0.0,0,0,0,True,True,False,False,False,False
F-shift-s1-s3-s3008-r1,10,0,0,0.0,0,0,0,True,True,False,False,False,False
F-shift-s1-s3-s3008-r1,11,0,0,0.0,0,0,0,True,True,False,False,False,False
F-shift-s1-s3-s3008-r1,12,0,0,0.0,0,0,0,True,True,False,False,False,False
F-shift-s1-s3-s3008-r1,13,0,0,0.0,0,0,0,True,True,False,False,False,False
F-shift-s1-s3-s3008-r1,14,0,0,0.0,0,0,0,True,True,False,False,False,False
F-shift-s1-s3-s3008-r1,15,0,0,0.0,0,0,0,True,True,False,False,False,False
F-shift-s1-s3-s3008-r1,16,0,0,0.0,0,0,0,True,True,False,False,False,False
F-shift-s1-s3-s3008-r1,17,0,0,0.0,0,0,0,True,True,False,False,False,False
F-shift-s1-s3-s3008-r1,18,0,0,0.0,0,0,0,True,True,False,False,False,False
F-shift-s1-s3-s3008-r1,19,0,0,0.0,0,0,0,True,True,False,False,False,False
F-shift-s1-s3-s3008-r1,20,0,0,0.0,0,0,0,True,True,False,False,False,False
F-shift-s1-s3-s3008-r1,21,1,10,178.13256365046206,0,10,0,False,False,False,False,False,False
F-shift-s1-s3-s3008-r1,22,1,11,2070.04070045784,4,7,1,True,True,False,True,True,True
F-shift-s1-s3-s3008-r1,23,1,11,2368.553278077997,4,7,1,True,True,False,True,True,True
F-shift-s1-s3-s3008-r1,24,1,11,2335.856361033452,4,7,1,True,True,False,True,True,True
F-shift-s1-s3-s3008-r1,25,1,11,2348.8269889577987,4,7,1,True,True,False,True,True,True
F-shift-s1-s3-s3008-r1,26,1,11,2352.394498245612,4,7,1,True,True,False,True,True,True
F-shift-s1-s3-s3008-r1,27,1,13,2449.1524162799897,6,7,2,True,True,False,True,True,True
F-shift-s1-s3-s3008-r1,28,1,13,2602.08325541789,6,7,2,True,True,False,True,True,True
F-shift-s1-s3-s3008-r1,29,1,13,2677.1510791357714,6,7,2,True,True,False,True,True,True
F-shift-s1-s3-s3008-r1,30,1,13,2735.535339387184,6,7,2,True,True,False,True,True,True
F-shift-s1-s3-s3008-r1,31,1,13,2721.1208531986945,6,7,2,True,True,False,True,True,True
F-shift-s1-s3-s3008-r1,32,1,13,2678.2445905017316,6,7,2,True,True,False,True,True,True
F-shift-s1-s3-s3008-r1,33,1,13,2711.060666912713,6,7,2,True,True,False,True,True,True
F-shift-s1-s3-s3008-r1,34,1,13,2661.8990682597114,6,7,2,True,True,False,True,True,True
F-shift-s1-s3-s3008-r1,35,1,13,2737.4265863867195,6,7,2,True,True,False,True,True,True
F-shift-s1-s3-s3008-r1,36,1,13,2681.221599666634,6,7,2,True,True,False,True,True,True
F-shift-s1-s3-s3008-r1,37,1,13,2698.0268464717046,6,7,2,True,True,False,True,True,True
F-shift-s1-s3-s3008-r1,38,1,13,2675.832224874795,6,7,2,True,True,False,True,True,True
F-shift-s1-s3-s3008-r1,39,1,13,2704.6258870737233,6,7,2,True,True,False,True,True,True
F-shift-s1-s3-s3008-r1,40,1,13,2772.155526876425,6,7,2,True,True,False,True,True,True
F-shift-s1-s3-s3008-r1,41,0,26,1879.9195524656845,6,20,2,False,False,False,False,False,False
F-shift-s1-s3-s3008-r1,42,0,17,153.0196482001741,0,17,0,True,True,False,True,False,False
F-shift-s1-s3-s3008-r1,43,0,10,142.21711543313816,0,10,0,True,True,False,True,False,False
F-shift-s1-s3-s3008-r1,44,0,8,141.34076128628337,0,8,0,True,True,False,True,False,False
F-shift-s1-s3-s3008-r1,45,0,8,131.18863260005293,0,8,0,True,True,False,True,False,False
F-shift-s1-s3-s3008-r1,46,0,5,0.6823907536494441,0,5,0,True,True,False,False,False,False
F-shift-s1-s3-s3008-r1,47,0,5,0.6014455338601186,0,5,0,True,True,False,False,False,False
F-shift-s1-s3-s3008-r1,48,0,5,0.3434926637445187,0,5,0,True,True,False,False,False,False
F-shift-s1-s3-s3008-r1,49,0,5,0.3336581538682903,0,5,0,True,True,False,False,False,False
F-shift-s1-s3-s3008-r1,50,0,5,0.338796269752368,0,5,0,True,True,False,False,False,False
F-shift-s1-s3-s3008-r1,51,0,5,0.3335185384499493,0,5,0,True,True,False,False,False,False
F-shift-s1-s3-s3008-r1,52,0,5,0.3298987058646671,0,5,0,True,True,False,False,False,False
F-shift-s1-s3-s3008-r1,53,0,5,0.3321012183828835,0,5,0,True,True,False,False,False,False
F-shift-s1-s3-s3008-r1,54,0,5,0.3363890476127822,0,5,0,True,True,False,False,False,False
F-shift-s1-s3-s3008-r1,55,0,5,0.3387217788023017,0,5,0,True,True,False,False,False,False
F-shift-s1-s3-s3008-r1,56,0,2,0.07096330085684574,0,2,0,True,True,False,False,False,False
F-shift-s1-s3-s3008-r1,57,0,3,0.04545102526259758,0,3,0,True,True,False,False,False,False
F-shift-s1-s3-s3008-r1,58,0,5,0.1361308612594148,0,5,0,True,True,False,False,False,False
F-shift-s1-s3-s3008-r1,59,0,5,0.18483253443581293,0,5,0,True,True,False,False,False,False
